COMPANY NAME,Listing date,Lisiting Date,Lisiting Month,Lisiting Year,Issue Size,Issue Price,QIB,HNI,retail,total Subscription,Listing Open (Rs),Listing Close (Rs),Listing Gain %,LTP (Rs),Current Gain %,Status
Ecellent Wires and Packaging Ltd.,19-Sep-24,19,9,2024,12.6,90,0,8.4,30.4,19.4,85,82,-9%,78,-13%,Loss
Innomet Advanced Materials Ltd.,18-Sep-24,18,9,2024,34.2,100,0,299,215.6,282.5,190,199.5,100%,219.9,120%,Profit
P N Gadgil Jewellers Ltd.,17-Sep-24,17,9,2024,1100,480,136.8,56.1,16.6,59.4,830,793.3,65%,731.4,52%,Profit
SPP Polymer Ltd.,17-Sep-24,17,9,2024,24.5,59,0,21.3,56.8,39.1,63,59.9,1%,51.3,-13%,Profit
Kross Ltd.,16-Sep-24,16,9,2024,500,240,23.3,22.2,10.8,16.8,240,259.8,8%,220.6,-8%,Profit
Tolins Tyres Ltd.,16-Sep-24,16,9,2024,230,226,25.4,27.4,21.5,23.9,228,239.4,6%,200.1,-11%,Profit
Bajaj Housing Finance Ltd.,16-Sep-24,16,9,2024,6560,70,209.4,41.5,7,63.6,150,165,136%,163.7,134%,Profit
Shubhshree Biofuels Energy Ltd.,16-Sep-24,16,9,2024,16.6,119,14.7,327.4,179.8,119.4,189,198.4,67%,233.4,96%,Profit
Aditya Ultra Steel Ltd.,16-Sep-24,16,9,2024,45.9,62,1.1,11.9,22.5,10.2,69.9,66.4,7%,61.6,-1%,Profit
Share Samadhan Ltd.,16-Sep-24,16,9,2024,24.1,74,2.7,16.9,18,13.6,73,74.9,1%,71.7,-3%,Profit
Gajanand International Ltd.,16-Sep-24,16,9,2024,20.6,36,0,5.6,23,14.3,42,39.9,11%,32.5,-10%,Profit
Vision Infra Equipment Solutions Ltd.,13-Sep-24,13,9,2024,106.2,163,2.3,2.2,4.1,2.9,205,215.3,32%,188.8,16%,Profit
My Mudra Fincorp Ltd.,12-Sep-24,12,9,2024,33.3,110,25.9,211.9,144.4,95.3,130,123.5,12%,108,-2%,Profit
Shree Tirupati Balajee Agro Trading Company Ltd.,12-Sep-24,12,9,2024,169.7,83,60.8,102.3,33,55.8,90,94.5,14%,83.5,1%,Profit
Mach Conferences and Events Ltd.,11-Sep-24,11,9,2024,125.3,225,146.7,293,136.5,182,300,295.6,31%,253.8,13%,Profit
Namo eWaste Management Ltd.,11-Sep-24,11,9,2024,51.2,85,91.6,524.5,259.7,209.9,161.5,169.6,100%,149.2,76%,Profit
Naturewings Holidays Ltd.,10-Sep-24,10,9,2024,7,74,0,265.8,462.6,364.2,95,90.3,22%,59.9,-19%,Profit
Jeyyam Global Foods Ltd.,9-Sep-24,9,9,2024,81.9,61,29.5,425.7,93.2,111.2,61,64,5%,60,-2%,Profit
Gala Precision Engineering Ltd.,9-Sep-24,9,9,2024,167.9,529,232.5,414.6,92,201.4,721.1,757.1,43%,724.8,37%,Profit
Boss Packaging Solutions Ltd.,6-Sep-24,6,9,2024,8.4,66,0,98.5,156.7,127.6,82.5,86.6,31%,64.7,-2%,Profit
Baazar Style Retail Ltd.,6-Sep-24,6,9,2024,834.7,389,81.8,59.4,9.1,40.7,389,400,3%,356.8,-8%,Profit
Travels & Rentals Ltd.,5-Sep-24,5,9,2024,12.2,40,0,747.8,408.5,578.1,55,57.8,44%,108.3,171%,Profit
Paramatri Technologies Ltd.,4-Sep-24,4,9,2024,33.8,110,0,6,11.3,8.6,115,120.8,10%,106.2,-4%,Profit
Aeron Composite Ltd.,4-Sep-24,4,9,2024,56.1,125,13.8,94.3,42.1,35.8,150,157.5,26%,135.2,8%,Profit
Ecos (India) Mobility & Hospitality Ltd.,4-Sep-24,4,9,2024,601.2,334,136.8,71.2,19.8,64.3,390,443.1,33%,506.6,52%,Profit
Indian Phosphate Ltd.,3-Sep-24,3,9,2024,67.4,99,95.8,586.4,355.3,260.2,188.1,178.7,81%,115,16%,Profit
Jay Bee Laminations Ltd.,3-Sep-24,3,9,2024,28.9,146,37.6,306.6,129.9,110.3,277.4,291.3,100%,273.6,87%,Profit
Premier Energies Ltd.,3-Sep-24,3,9,2024,2830.4,450,216.7,50,7.7,74.4,990,839.9,87%,1109.2,147%,Profit
Vdeal System Ltd.,3-Sep-24,3,9,2024,18.1,112,0,58.6,76.5,67.6,170,178.5,59%,138,23%,Profit
Rapid Multimodal Logistics Ltd.,30-Aug-24,30,8,2024,8.5,84,0,501.8,163.8,332.8,103,108.1,29%,68.3,-19%,Profit
Resourceful Automobile Ltd.,29-Aug-24,29,8,2024,12,117,0,324.3,471.2,397.8,117,122.8,5%,72.8,-38%,Profit
Orient Technologies Ltd.,28-Aug-24,28,8,2024,214.8,206,189.9,300.6,66.8,151.7,288,302.4,47%,303.5,47%,Profit
Ideal Technoplast Industries Ltd.,28-Aug-24,28,8,2024,16,121,0,103.1,109.7,106.4,132.1,138.7,15%,99.5,-18%,Profit
QVC Eports Ltd.,28-Aug-24,28,8,2024,24.1,86,0,566.3,397.8,482.1,161,152.9,78%,66,-23%,Profit
Forcas Studio Ltd.,26-Aug-24,26,8,2024,37.4,80,109.1,932.7,552.3,387.8,152,144.4,81%,95.3,19%,Profit
Brace Port Logistics Ltd.,26-Aug-24,26,8,2024,24.4,80,128.3,1813.5,803,617.3,152,159.6,100%,103.3,29%,Profit
Interarch Building Products Ltd.,26-Aug-24,26,8,2024,600.3,900,205.4,128.4,19.1,93.5,1299,1195.7,33%,1322.4,47%,Profit
Solve Plastic Products Ltd.,21-Aug-24,21,8,2024,11.8,91,0,14.8,40.7,28.7,102,107.1,18%,61.2,-33%,Profit
Broach Lifecare Hospital Ltd.,21-Aug-24,21,8,2024,4,25,0,84,214.5,150.8,47.5,49.9,100%,27.5,10%,Profit
Sunlite Recycling Industries Ltd.,20-Aug-24,20,8,2024,30.2,105,57.8,775.6,334,262.1,199.5,209.4,100%,160.1,53%,Profit
Positron Energy Ltd.,20-Aug-24,20,8,2024,51.2,250,122.8,1071.8,467.7,385.9,475,498.8,100%,461.9,85%,Profit
Saraswati Saree Depot Ltd,20-Aug-24,20,8,2024,160,160,64.1,358.5,61.6,107.4,194,203.7,27%,165.1,3%,Profit
Aesthetik Engineers Ltd.,16-Aug-24,16,8,2024,26.5,58,109.9,2577.7,633.4,663.3,110.2,115.7,100%,77.9,34%,Profit
Unicommerce eSolutions Ltd.,13-Aug-24,13,8,2024,276.6,108,138.8,252.5,131,168.3,235,210.1,95%,225.2,109%,Profit
Brainbees Solutions Ltd.,13-Aug-24,13,8,2024,4193.7,465,19.3,4.7,2.3,12.2,651,679.1,46%,652.5,40%,Profit
Ola Electric Mobility Ltd.,9-Aug-24,9,8,2024,6145.6,76,5.3,2.4,3.9,4.3,76,91.2,20%,111,46%,Profit
Afcom Holdings Ltd.,9-Aug-24,9,8,2024,73.8,108,186.2,512,202.8,281.4,205.2,215.4,100%,401.1,271%,Profit
Picturepost Studios Ltd.,9-Aug-24,9,8,2024,18.7,24,53.6,520.6,418.9,251.5,30,31.5,31%,34.5,44%,Profit
Ceigall India Ltd.,8-Aug-24,8,8,2024,1252.7,401,31.5,14.4,3.8,13.8,419,386.8,-4%,379.9,-5%,Loss
Dhariwalcorp Ltd.,8-Aug-24,8,8,2024,25.1,106,39.8,379.7,251.8,165,150,142.5,34%,141.6,34%,Profit
Utssav CZ Gold Jewels Ltd.,7-Aug-24,7,8,2024,69.5,110,19.4,86.1,62,44.3,110,115.5,5%,204,86%,Profit
Sathlokhar Synergys E&C Global Ltd.,6-Aug-24,6,8,2024,92.9,140,85.8,478.9,200.8,185,260,247,76%,442.6,216%,Profit
Rajputana Industries Ltd.,6-Aug-24,6,8,2024,23.9,38,81.8,540,644.6,347.5,72.2,75.8,100%,85.5,125%,Profit
Bulkcorp International Ltd.,6-Aug-24,6,8,2024,20.8,105,55.4,334.3,481.7,246.4,130,136.5,30%,101.1,-4%,Profit
Ashapura Logistics Ltd.,6-Aug-24,6,8,2024,52.7,144,68.2,385.3,231.4,172.9,185,175.8,22%,125.8,-13%,Profit
Akums Drugs and Pharmaceuticals Ltd.,6-Aug-24,6,8,2024,1856.7,679,90.1,42.2,21.3,63.6,725,796.3,17%,851.8,25%,Profit
Kizi Apparels Ltd.,6-Aug-24,6,8,2024,5.6,21,0,86.9,132.4,109.7,23.1,24.3,16%,32.5,55%,Profit
SA Tech Software India Ltd.,2-Aug-24,2,8,2024,23,59,103.4,1518.1,798.3,558.9,112.1,117.7,100%,177,200%,Profit
Esprit Stones Ltd.,2-Aug-24,2,8,2024,50.4,87,60.5,514.3,187.4,173,93.2,97.8,12%,105,21%,Profit
Aprameya Engineering Ltd.,1-Aug-24,1,8,2024,29.2,58,48,451.8,249.5,179.1,72,75.6,30%,59,2%,Profit
Clinitech Laboratory Ltd.,1-Aug-24,1,8,2024,5.8,96,0,24.4,49.6,37,115,120.8,26%,78,-19%,Profit
Trom Industries Ltd.,1-Aug-24,1,8,2024,31.4,115,104.7,1000.4,651.1,430.3,218.5,229.4,100%,237.6,107%,Profit
Chetana Education Ltd.,31-Jul-24,31,7,2024,45.9,85,53.7,622.4,179.3,183,98.9,103.8,22%,90.3,6%,Profit
Manglam Infra & Engineering Ltd.,31-Jul-24,31,7,2024,27.6,56,79.7,923.4,454.5,337.4,106.4,111.7,100%,68.5,22%,Profit
V L Infraprojects Ltd.,30-Jul-24,30,7,2024,18.5,42,107.5,961,1114.5,588,79.8,83.8,99%,78.2,86%,Profit
VVIP Infratech Ltd.,30-Jul-24,30,7,2024,61.2,93,168.4,335.9,181.7,220,176.7,185.5,100%,227.5,145%,Profit
RNFI Services Ltd.,29-Jul-24,29,7,2024,70.8,105,74,678.5,210.8,212.6,199.5,189.6,81%,144.6,38%,Profit
SAR Televenture Ltd.,29-Jul-24,29,7,2024,150,210,4.4,15.3,9.9,8,225.1,232.6,11%,345.3,64%,Profit
Sanstar Ltd.,26-Jul-24,26,7,2024,510.1,95,145.7,136.5,24.2,83,109,115.1,21%,140,47%,Profit
Macobs Technologies Ltd.,24-Jul-24,24,7,2024,19.5,75,40.8,305.5,202.5,190.1,96,100.8,34%,137,83%,Profit
Kataria Industries Ltd.,24-Jul-24,24,7,2024,54.6,96,90.9,1286.9,364.5,366.1,182.4,191.5,100%,207.2,116%,Profit
Tunwal E-Motors Ltd.,23-Jul-24,23,7,2024,115.6,59,0,7.3,15.8,11.6,64,60.8,3%,49,-17%,Profit
Prizor Viztech Ltd.,22-Jul-24,22,7,2024,25.1,87,49.5,372.4,354.9,204.9,165.3,0,90%,160.7,85%,Profit
Three M Paper Boards Ltd.,22-Jul-24,22,7,2024,39.8,69,79.4,210.8,175.2,159.4,76,79.8,16%,61,-12%,Profit
Sati Poly Plast Ltd.,22-Jul-24,22,7,2024,17.4,130,77.3,755.1,887.9,462.7,247,0,90%,207.9,60%,Profit
Aelea Commodities Ltd.,22-Jul-24,22,7,2024,51,95,104.2,288.8,164.9,182.2,165,173.3,82%,203.9,115%,Profit
Sahaj Solar Ltd.,19-Jul-24,19,7,2024,52.6,180,112.5,1132.8,702.2,472,342,359.1,100%,665.3,270%,Profit
Ganesh Green Bharat Ltd.,12-Jul-24,12,7,2024,125.2,190,80.8,616.3,231.5,213.9,361,379.1,100%,401.9,112%,Profit
Effwa Infra & Research Ltd.,12-Jul-24,12,7,2024,51.3,82,86.4,650.4,429.6,291.1,155.8,163.6,100%,282.4,244%,Profit
Ambey Laboratories Ltd.,11-Jul-24,11,7,2024,44.7,68,33,279,258.9,148.9,85,89.3,31%,64.7,-5%,Profit
Emcure Pharmaceuticals Ltd.,10-Jul-24,10,7,2024,1952,1008,195.8,48.3,7.2,67.9,1325,1359.2,35%,1448.5,44%,Profit
Bansal Wire Industries Ltd.,10-Jul-24,10,7,2024,745,256,146.1,51.5,13.6,59.6,356,350.4,37%,427.7,67%,Profit
Nephro Care India Ltd.,5-Jul-24,5,7,2024,41.3,90,121,2214.8,782.4,666.6,171,179.6,100%,261.2,190%,Profit
Vraj Iron & Steel Ltd.,3-Jul-24,3,7,2024,171,207,163.9,208.8,54.9,119,240,252,22%,246.5,19%,Profit
Diensten Tech Ltd.,3-Jul-24,3,7,2024,22.1,100,5.1,206.8,47.6,50.2,240,252,152%,176,76%,Profit
Allied Blenders & Distillers Ltd.,2-Jul-24,2,7,2024,1500,281,50.4,32.4,4.5,23.6,320,317.9,13%,345.6,23%,Profit
Akiko Global Services Ltd.,2-Jul-24,2,7,2024,23.1,77,6.2,65,63.9,35.2,98,93.3,21%,81,5%,Profit
Petro Carbon and Chemicals Ltd.,2-Jul-24,2,7,2024,113.2,171,49.1,169.5,96.7,83.8,300,315,84%,275.5,61%,Profit
Divine Power Energy Ltd.,2-Jul-24,2,7,2024,22.8,40,73.1,632.9,678.8,369.1,155,152.3,281%,80.8,102%,Profit
Shivalic Power Control Ltd.,1-Jul-24,1,7,2024,64.3,100,90.2,578.5,305,238.6,311,326.6,227%,225.5,126%,Profit
Sylvan Plyboard (India) Ltd.,1-Jul-24,1,7,2024,28.1,55,0,72.2,84.8,78.5,66,69.3,26%,101.6,85%,Profit
Mason Infratech Ltd.,1-Jul-24,1,7,2024,30.5,64,4.2,67.3,48.6,30.7,88,92.4,44%,155.1,142%,Profit
Visaman Global Sales Ltd.,1-Jul-24,1,7,2024,16.1,43,0,22.3,48.9,37.9,45.1,47.4,10%,43,0%,Profit
Stanley Lifestyles Ltd.,28-Jun-24,28,6,2024,537,369,222.1,119.5,19.2,97,494.9,474.8,29%,490.8,33%,Profit
Medicamen Organics Ltd.,28-Jun-24,28,6,2024,10.5,34,90.9,1773,1729.8,916.8,137.8,144.7,326%,66,94%,Profit
Dindigul Farm Products Ltd.,27-Jun-24,27,6,2024,34.8,54,145.6,207.1,201.4,188.1,102.6,107.7,100%,77.4,43%,Profit
Winny Immigration & Education Services Ltd.,27-Jun-24,27,6,2024,9.1,140,0,95.5,180.7,142.4,240,252,80%,262,87%,Profit
Akme Fintrade (India) Ltd.,26-Jun-24,26,6,2024,132,120,28.1,130.3,45.8,55.1,127,133.3,11%,115.6,-4%,Profit
DEE Development Engineers Ltd.,26-Jun-24,26,6,2024,418,203,201.9,144,23.4,99.6,325,335,65%,302.1,49%,Profit
Durla Top Surface Ltd.,26-Jun-24,26,6,2024,40.8,68,40.2,438.8,214.3,160.9,109,103.5,52%,63.8,-6%,Profit
Kay Cee Energy & Infra Ltd.,5-Jan-24,5,1,2024,15.9,54,66,2184.5,1711,959.5,252,239.4,343%,277.8,414%,Profit
Goyal Salt Ltd.,11-Oct-23,11,10,2023,18.6,38,33.1,518.9,493.4,267.1,130,136.1,258%,191.2,403%,Profit
Esconet Technologies Ltd.,23-Feb-24,23,2,2024,28.2,84,82.6,1151.4,734.8,471.2,290,275.5,228%,489.8,483%,Profit
Sungarner Energies Ltd.,31-Aug-23,31,8,2023,5.3,83,0,100.8,175.5,138.2,250,262.4,216%,752.5,807%,Profit
Owais Metal and Mineral Processing Ltd.,4-Mar-24,4,3,2024,42.7,87,47.5,428.1,339.9,206.9,250,262.5,202%,1340,1440%,Profit
Alpe Solar Ltd.,15-Feb-24,15,2,2024,74.5,115,75.2,668.1,467.6,301.4,329,345.4,200%,836.5,627%,Profit
Trident Techlabs Ltd.,29-Dec-23,29,12,2023,16,35,41.4,825.8,1023.1,502.6,98.2,103,194%,840,2300%,Profit
TAC Infosec Ltd.,5-Apr-24,5,4,2024,30,106,75.1,1022,576.3,392.6,290,304.5,187%,734.9,593%,Profit
Paras Defence and Space Technologies Ltd.,1-Oct-21,1,10,2021,170.8,175,169.7,927.7,112.8,304.3,475,498.8,185%,1124.7,543%,Profit
Australian Premium Solar (India) Ltd.,18-Jan-24,18,1,2024,28.1,54,56.9,1028.2,711.9,431.8,140,147,172%,441.2,717%,Profit
Oriana Power Ltd.,11-Aug-23,11,8,2023,59.7,118,27.4,239.3,193.7,117.4,302,317.1,169%,2008,1602%,Profit
Srivari Spices and Foods Ltd.,18-Aug-23,18,8,2023,9,42,42,1044.5,687.9,418.4,101.5,106.5,154%,265.3,532%,Profit
Baheti Recycling Industries Ltd.,8-Dec-22,8,12,2022,12.4,45,0,259.2,435.6,347.5,120,114,153%,375.4,734%,Profit
BEW Engineering Ltd.,16-Sep-21,16,9,2021,4,58,0,0.6,6.7,3.6,127.6,133.9,131%,1390,2297%,Profit
Prevest Denpro Ltd.,27-Sep-21,27,9,2021,26.6,84,5.8,79,32.9,38.1,180.6,189.6,126%,578,588%,Profit
Insolation Energy Ltd.,10-Oct-22,10,10,2022,22.2,36,0,150,235.4,192.7,76.1,79.9,122%,3723.1,10242%,Profit
Concord Control Systems Ltd.,10-Oct-22,10,10,2022,8.3,53,15.2,307.4,423.7,202.2,110,115.4,118%,1810,3315%,Profit
Krishca Strapping Solutions Ltd.,26-May-23,26,5,2023,17.9,54,36.1,786.9,572.8,336.6,118.8,112.9,109%,381.6,607%,Profit
Mrs. Bectors Food Specialities Ltd.,24-Dec-20,24,12,2020,540.5,288,176.8,620.9,29.3,198,501,595.5,107%,2115.7,635%,Profit
Virtuoso Optoelectronics Ltd.,15-Sep-22,15,9,2022,30.2,56,0,112.9,80.8,96.8,117,115.4,106%,393.4,603%,Profit
Krishna Defence and Allied Industries Ltd.,6-Apr-22,6,4,2022,11.9,39,8.8,159.9,132.3,74.8,75,78.8,102%,727.9,1766%,Profit
PNGS Gargi Fashion Jewellery Ltd.,20-Dec-22,20,12,2022,7.8,30,0,213.2,248.3,230.7,57,59.9,100%,827.8,2659%,Profit
Bondada Engineering Ltd.,30-Aug-23,30,8,2023,42.7,75,8.6,365.7,135.5,106.6,142.5,149.6,100%,608.3,3955%,Profit
Amic Forging Ltd.,6-Dec-23,6,12,2023,34.8,126,91.4,435.9,273,268.8,239.4,251.3,100%,1658.8,1217%,Profit
Meson Valves India Ltd.,21-Sep-23,21,9,2023,31.1,102,0,137,192.6,164.8,193.8,203.4,100%,849.4,733%,Profit
Olatech Solutions Ltd.,29-Aug-22,29,8,2022,1.9,27,0,517.7,679.9,598.8,51.3,53.9,99%,260.6,1686%,Profit
Motisons Jewellers Ltd.,26-Dec-23,26,12,2023,151.1,55,157.4,233.9,122.3,159.6,109,103.5,88%,287.6,423%,Profit
Indian Renewable Energy Development Agency Ltd.,29-Nov-23,29,11,2023,2150.2,32,104.6,24.2,7.7,38.8,50,60,88%,232.4,626%,Profit
Annapurna Swadisht Ltd.,27-Sep-22,27,9,2022,30.3,68,18.3,301.1,225.5,133.4,120,126,85%,415.8,512%,Profit
Netweb Technologies India Ltd.,27-Jul-23,27,7,2023,631,500,228.9,81.8,19.1,90.4,947,910.4,82%,2682.3,437%,Profit
Veekayem Fashion and Apparels Ltd.,22-Aug-22,22,8,2022,4.4,28,0,355.9,247.1,301.5,49.9,50,79%,227.4,712%,Profit
Viviana Power Tech Ltd.,16-Sep-22,16,9,2022,8.8,55,0,97.5,72.8,85.1,90,94.5,72%,848,1442%,Profit
Macfos Ltd.,1-Mar-23,1,3,2023,23.7,102,21.6,660,268.3,193.8,184,174.8,71%,810,694%,Profit
Containe Technologies Ltd.,30-Sep-22,30,9,2022,2.6,15,0,154.1,76.2,115.7,22,23.1,54%,111,640%,Profit
RBM Infracon Ltd.,4-Jan-23,4,1,2023,8.4,36,0,46.3,34.2,40.3,52.5,55.1,53%,927.3,2476%,Profit
Pritika Engineering Components Ltd.,8-Dec-22,8,12,2022,9.4,29,0,144.3,168.5,156.4,42.2,44.3,53%,174.1,500%,Profit
S J Logistics (India) Ltd.,19-Dec-23,19,12,2023,48,125,61.7,651.2,473.1,294.1,175,183.8,47%,628.9,403%,Profit
Jay Jalaram Technologies Ltd.,8-Sep-22,8,9,2022,10.8,36,0,18.6,11.4,15,50,52.5,46%,575,1497%,Profit
Amber Enterprises India Ltd.,30-Jan-18,30,1,2018,600,859,175,519.3,11.7,165.4,1175,1237.3,44%,4347.6,406%,Profit
RailTel Corporation of India Ltd.,26-Feb-21,26,2,2021,819.2,94,65.1,73.3,16.8,42.4,109,121.4,29%,477.6,408%,Profit
Sahana Systems Ltd.,12-Jun-23,12,6,2023,32.7,135,9.2,6.8,12.3,9.5,163,171.2,27%,1311.8,872%,Profit
DMR Hydroengineering & Infrastructure Ltd.,7-Dec-21,7,12,2021,2.1,21,0,8.5,14.3,11.4,25,26.3,25%,171.2,715%,Profit
Neogen Chemicals Ltd.,8-May-19,8,5,2019,132.3,215,30.5,113.9,15.9,41.1,251,263.6,23%,2337.3,987%,Profit
Gayatri Rubbers and Chemicals Ltd.,7-Feb-23,7,2,2023,4.6,30,0,-,-,-,35,36.8,23%,407.4,1258%,Profit
Polycab India Ltd.,18-Apr-19,18,4,2019,1346,538,92.4,110.4,4.5,51.9,633,654.8,22%,6559.4,1119%,Profit
V-Marc India Ltd.,9-Apr-21,9,4,2021,23.4,39,0,1.4,1.8,1.6,46.5,47.1,21%,388,895%,Profit
Mazagon Dock Shipbuilders Ltd.,12-Oct-20,12,10,2020,443.7,145,89.7,678.9,35.6,157.4,216.3,173,19%,4374.1,2917%,Profit
Empyrean Cashews Ltd.,31-Mar-22,31,3,2022,19.4,37,0,2.9,1.6,2.3,42,44.1,19%,323,773%,Profit
Teerth Gopicon Ltd.,16-Apr-24,16,4,2024,44.4,111,0,92.4,42.1,67.2,125,131.3,18%,624.9,463%,Profit
Kaynes Technology India Ltd.,22-Nov-22,22,11,2022,857.8,587,98.5,21.2,4.1,34.1,778,690,18%,5479.4,834%,Profit
Jeena Sikho Lifecare Ltd.,19-Apr-22,19,4,2022,55.5,150,0,2.8,1.7,2.3,165.1,173.3,16%,1388.7,1567%,Profit
Proma Power Ltd,12-Oct-21,12,10,2021,1.6,10,0,2.4,11.4,6.9,13.3,11.6,16%,53.9,978%,Profit
AB Cotspin India Ltd.,11-Jan-22,11,1,2022,10.1,35,0,9.4,17.5,13.5,38.5,40.4,15%,348.9,897%,Profit
Sona Hi Sona Jewellers (Gujarat) Ltd.,15-Oct-19,15,10,2019,4.5,10,0,1.7,0.7,1.2,11.2,11.4,14%,188.5,1785%,Profit
Vishnusurya Projects And Infra Ltd.,10-Oct-23,10,10,2023,50,68,0,34.6,41.4,38,73,76.7,13%,342.8,404%,Profit
Kody Technolab Ltd.,27-Sep-23,27,9,2023,27.5,160,0,39.2,50.9,45,170,178.5,12%,3634.1,2171%,Profit
Getalong Enterprises Ltd.,8-Oct-21,8,10,2021,5.2,69,0,2.1,2.1,2.1,72.2,76.7,11%,368,433%,Profit
Veefin Solutions Ltd.,5-Jul-23,5,7,2023,46.7,82,0,3.2,1.6,2.4,86,90.2,10%,674.4,722%,Profit
Venus Pipes & Tubes Ltd.,24-May-22,24,5,2022,165.4,326,12,15.7,19,16.3,337.5,354.4,9%,2229.9,584%,Profit
Misquita Engineering Ltd.,4-Oct-19,4,10,2019,1.9,27,0,2.5,0.7,1.6,27.9,29.2,8%,168.2,523%,Profit
Suratwwala Business Group Ltd.,13-Aug-20,13,8,2020,6.9,15,0,2.4,0.3,1.3,15.4,16.2,8%,107.7,7080%,Profit
Ksolves India Ltd.,6-Jul-20,6,7,2020,4,100,0,2.2,0.6,1.4,102,106.9,7%,1029.7,930%,Profit
Anand Rathi Wealth Ltd.,14-Dec-21,14,12,2021,660,550,2.5,25.4,7.8,9.8,584.5,583.5,6%,3899.5,609%,Profit
Kore Digital Ltd.,14-Jun-23,14,6,2023,18,180,0,47.4,31.5,39.5,201,190.9,6%,2407.8,1238%,Profit
Evans Electric Ltd.,13-May-19,13,5,2019,1.9,52,0,2.6,0.6,1.6,52.2,54.8,5%,291.6,1022%,Profit
Fine Organic Industries Ltd.,2-Jul-18,2,7,2018,597.9,783,12.9,21,1.6,9,815,822.8,5%,5291.7,576%,Profit
Dynamic Services & Security Ltd.,13-Oct-21,13,10,2021,24.1,51,0,2.3,1.6,1.9,53,53.5,5%,272.3,434%,Profit
Cospower Engineering Ltd.,30-Mar-20,30,3,2020,2,51,0,2.4,0.7,1.5,51,53.1,4%,331.7,550%,Profit
DJ Mediaprint & Logistics Ltd.,13-Apr-20,13,4,2020,2.4,20,0,1.9,1.7,1.8,20.6,20.8,4%,119.6,3492%,Profit
Knowledge Marine & Engineering Works Ltd.,22-Mar-21,22,3,2021,10.1,37,0,2.1,3.6,2.9,38,38.3,3%,1824,4830%,Profit
Newgen Software Technologies Ltd.,29-Jan-18,29,1,2018,424.6,245,15.6,5.5,5.2,8.3,256,253,3%,1323,980%,Profit
Surani Steel Tubes Ltd.,6-Feb-19,6,2,2019,12.9,52,0,1.7,1.2,1.6,53.1,53.3,2%,301,479%,Profit
Kesar India Ltd.,12-Jul-22,12,7,2022,15.8,170,0,2.6,0.9,1.8,172.5,174,2%,868.7,3476%,Profit
Advait Infratech Ltd.,30-Sep-20,30,9,2020,6.9,51,0,1.5,2.3,1.9,52,51.5,1%,1769,6837%,Profit
DC Infotech and Communication Ltd.,27-Dec-19,27,12,2019,10.8,45,0,1.4,1.8,1.6,45.5,45.2,0%,340.4,657%,Profit
Shiv Aum Steels Ltd.,1-Oct-19,1,10,2019,15.8,44,0,2.3,0.4,1.3,44.3,44.1,0%,294,568%,Profit
CWD Ltd.,13-Oct-21,13,10,2021,18,180,0,1.9,0.7,1.3,180.2,180.6,0%,912.1,407%,Profit
Foce India Ltd.,28-Dec-21,28,12,2021,29,225,0,1.3,1.8,1.6,225,225.7,0%,1625,622%,Profit
Rail Vikas Nigam Ltd.,11-Apr-19,11,4,2019,481.6,19,1.4,0.8,2.9,1.8,19,19.1,0%,544.3,2765%,Profit
Sigma Solve Ltd.,19-Oct-20,19,10,2020,5,45,0,1.1,2.1,1.6,46,45.1,0%,379.8,2010%,Profit
Wonder Fibromats Ltd.,1-Aug-19,1,8,2019,19.8,89,0,2.2,0.3,1.3,93,89,0%,1527,1616%,Profit
HG Infra Engineering Ltd.,9-Mar-18,9,3,2018,457.7,270,8.4,5,3.1,5,270,270.1,0%,1548.8,474%,Profit
Humming Bird Education Ltd.,28-Mar-19,28,3,2019,2.1,132,0,1.9,0.9,1.4,132,132,0%,991,651%,Profit
Lami Goldorna House Ltd.,16-Apr-20,16,4,2020,8.3,15,0,2.2,0.2,1.2,15,15,0%,276.9,1746%,Profit
Rajeshwari Cans Ltd.,15-Apr-21,15,4,2021,4,20,0,1.6,1.2,1.4,20.8,20,0%,688,3340%,Profit
Cool Caps Industries Ltd.,24-Mar-22,24,3,2022,11.6,38,0,4.6,11.3,7.9,35.9,37.6,-1%,404.9,965%,Loss
Shine Fashions (India) Ltd.,2-Nov-20,2,11,2020,1.6,40,0,1.8,1.6,1.7,40.5,39.5,-1%,369.6,824%,Loss
City Pulse Multiple Ltd.,11-Jul-19,11,7,2019,4,30,0,2.7,3.3,3,28.5,29.6,-1%,845,2717%,Loss
ITCONS E-Solutions Ltd.,13-Mar-23,13,3,2023,8.7,51,0,16.1,17.4,16.7,47,49.3,-3%,704,1280%,Loss
Indian Railway Finance Corporation Ltd.,29-Jan-21,29,1,2021,4633,26,3.8,2.7,3.7,3.5,25,24.9,-4%,161.4,521%,Loss
Sudarshan Pharma Industries Ltd.,22-Mar-23,22,3,2023,50.1,73,1,0.8,1.2,1.1,73,69.3,-5%,367.5,403%,Loss
Swaraj Suiting Ltd.,28-Mar-22,28,3,2022,10.7,56,0,13.8,10.5,12.1,56,53.2,-5%,283.9,914%,Loss
Kotyark Industries Ltd.,2-Nov-21,2,11,2021,11.3,51,0,3.6,10.7,7.2,51,48.5,-5%,889.9,1645%,Loss
Healthy Life Agritec Ltd.,26-Jul-22,26,7,2022,10,10,0,5.2,11.2,8.2,8.9,9.3,-7%,59.9,499%,Loss
Angel One Ltd.,5-Oct-20,5,10,2020,600,306,5.7,0.7,4.3,3.9,275,275.9,-10%,2590.8,747%,Loss
MSTC Ltd.,29-Mar-19,29,3,2019,212,128,1.1,2.1,3,1.5,111,114.2,-11%,720.5,463%,Loss
KCK Industries Ltd.,8-Jul-22,8,7,2022,4.5,30,0,3,8.8,5.9,25,26.3,-13%,289.9,867%,Loss
Kalyan Jewellers India Ltd.,26-Mar-21,26,3,2021,1175,87,2.8,1.9,2.8,2.6,73.9,75.3,-13%,730.5,740%,Loss
Gensol Engineering Ltd.,15-Oct-19,15,10,2019,17.9,83,0,2.3,0.4,1.3,85.4,64.7,-22%,875,4117%,Loss
CosmicF Ltd.,30-Jun-23,30,6,2023,60.1,330,3.6,2.8,0.6,1.1,251.2,238.7,-28%,1790,442%,Loss
Galactico Corporate Services Ltd.,9-Oct-19,9,10,2019,3.7,23,0,1.8,0.6,1.2,23.2,0.9,-96%,3.8,-86%,Loss
White Organic Retail Ltd.,10-May-19,10,5,2019,15.5,63,0,2,0.7,1.4,64.2,10.7,-83%,4.3,-93%,Loss
GKP Printing & Packaging Ltd.,8-May-19,8,5,2019,6.6,32,0,1.6,1.6,1.6,34.2,17.5,-45%,9,-72%,Loss
MVK Agro Food Product Ltd.,7-Mar-24,7,3,2024,65.9,120,0,3.8,12.5,8.1,79,83,-31%,50.9,-58%,Loss
Swastik Pipe Ltd.,12-Oct-22,12,10,2022,62.5,100,0,1.4,1.3,1.4,66,69.3,-31%,63.5,-37%,Loss
One97 Communications Ltd.,18-Nov-21,18,11,2021,18300,2150,2.8,0.2,1.7,1.9,1955,1554.2,-28%,664.1,-69%,Loss
Reetech International Cargo and Courier Ltd.,10-Oct-22,10,10,2022,11.7,105,0,1.4,1.9,1.7,82,83.6,-20%,45,-57%,Loss
Yasons Cheme Care Ltd.,3-Aug-23,3,8,2023,20.6,40,0,45.3,65.2,55.2,32,33.6,-16%,23.6,-41%,Loss
Silver Pearl Hospitality & Luury Spaces Ltd.,17-Jun-22,17,6,2022,9,18,0,0.8,2.6,1.7,16,15.2,-16%,10.8,-40%,Loss
Italian Edibles Ltd.,12-Feb-24,12,2,2024,26.7,68,0,168.4,114.5,141.4,55,57.8,-15%,45.5,-33%,Loss
Naturo Indiabull Ltd.,2-Sep-22,2,9,2022,10.9,30,0,8.4,32.1,20.3,25,26.3,-13%,12.4,-59%,Loss
Dipna Pharmachem Ltd.,8-Sep-22,8,9,2022,15.2,38,0,0.8,4.8,2.8,32,33.4,-12%,8.1,-79%,Loss
Evoq Remedies Ltd.,30-Mar-22,30,3,2022,9.7,27,0,0.3,3,1.7,25,23.8,-12%,8.8,-67%,Loss
Aatmaj Healthcare Ltd.,30-Jun-23,30,6,2023,38.4,60,0,35,28.8,31.9,56,53.2,-11%,27.1,-55%,Loss
Suryoday Small Finance Bank Ltd.,26-Mar-21,26,3,2021,582.3,305,2.2,1.3,3.1,2.4,274.8,276.2,-9%,185.6,-39%,Loss
AGS Transact Technologies Ltd.,31-Jan-22,31,1,2022,680,175,2.7,25.6,3.1,7.8,176,161.3,-8%,104.6,-40%,Loss
Atal Realtech Ltd.,15-Oct-20,15,10,2020,10.8,72,0,2,0.4,1.2,70.2,66.7,-7%,8.2,70%,Loss
CarTrade Tech Ltd.,20-Aug-21,20,8,2021,2998.5,1618,35.5,41,2.8,20.3,1600,1500.1,-7%,995.1,-39%,Loss
Navoday Enterprises Ltd.,24-Jun-21,24,6,2021,4.6,20,0,0.3,4.4,2.4,19.5,18.6,-7%,8.6,-15%,Loss
Capital Small Finance Bank Ltd.,14-Feb-24,14,2,2024,523.1,468,6.6,4,2.5,4,430.3,435,-7%,293.9,-37%,Loss
Nuvoco Vistas Corporation Ltd.,23-Aug-21,23,8,2021,5000,570,4.2,0.7,0.7,1.7,471,531.3,-7%,362.4,-36%,Loss
Micropro Software Solutions Ltd.,10-Nov-23,10,11,2023,30.7,81,0,21.6,46.6,34.1,80,76,-6%,42.6,-47%,Loss
Vrundavan Plantation Ltd.,6-Nov-23,6,11,2023,15.3,108,0,11.1,24.2,17.7,107,101.7,-6%,48.8,-55%,Loss
Nidan Laboratories And Healthcare Ltd.,12-Nov-21,12,11,2021,50,125,0,0.1,3.4,1.8,123.9,117.8,-6%,33.8,-73%,Loss
SecMark Consultancy Ltd.,1-Oct-20,1,10,2020,15,135,0,1.1,1.4,1.2,134,127.3,-6%,90,67%,Loss
Rhetan TMT Ltd.,5-Sep-22,5,9,2022,56,70,0,2.2,0.8,1.5,70,66.5,-5%,16,757%,Loss
Trekkingtoes.com Ltd.,28-Aug-20,28,8,2020,4.5,105,0,0.3,2.8,1.6,105,99.8,-5%,29.2,-72%,Loss
Cell Point (India) Ltd.,28-Jun-23,28,6,2023,50.3,100,0,4,7.5,5.8,100,95,-5%,32.3,-68%,Loss
Mangalam Alloys Ltd.,4-Oct-23,4,10,2023,54.9,80,0,2.4,8.3,5.3,80,76,-5%,41,-49%,Loss
Vilin Bio Med Ltd.,30-Jun-23,30,6,2023,12,30,0,1.3,4.1,2.7,30,28.5,-5%,18.1,-40%,Loss
Sameera Agro and Infra Ltd.,1-Jan-24,1,1,2024,62.6,180,0,1.7,3.9,2.8,180,171,-5%,109,-39%,Loss
Richa Info Systems Ltd.,21-Feb-22,21,2,2022,10,125,0,3.2,6.9,5,125,118.8,-5%,84.3,-33%,Loss
Jinaams Dress Ltd.,25-Apr-19,25,4,2019,42.5,59,0,1.3,1.1,1.2,59,56.1,-5%,2.4,-96%,Loss
Suich Industries Ltd.,13-Jun-19,13,6,2019,30.9,75,0,1.3,1.5,1.4,68.5,71.3,-5%,4.3,-94%,Loss
Synoptics Technologies Ltd.,13-Jul-23,13,7,2023,54,237,0,2.6,2.4,2.5,238,226.1,-5%,124.3,-48%,Loss
Brandbucket Media & Technology Ltd.,31-Dec-21,31,12,2021,8.3,55,0,2.1,1,1.6,51,52.5,-5%,13.2,-76%,Loss
Graphisads Ltd.,13-Dec-23,13,12,2023,53.4,111,0,2,5.3,3.6,111.5,106,-5%,70.5,-37%,Loss
Falcon Technoprojects India Ltd.,26-Jun-24,26,6,2024,13.7,92,0,43.1,83.2,63.2,84,88.2,-4%,50.6,-45%,Loss
Baweja Studios Ltd.,6-Feb-24,6,2,2024,97.2,180,0.2,3.6,5.4,2.5,183,173.8,-3%,76.1,-58%,Loss
Global Longlife Hospital and Research Ltd.,5-Apr-22,5,4,2022,49,140,0,1.6,1.4,1.5,141.1,135.3,-3%,35.2,-75%,Loss
Janus Corporation Ltd.,7-Feb-20,7,2,2020,8,50,0,1,1.5,1.3,50.7,48.5,-3%,8.3,-62%,Loss
Jetmall Spices and Masala Ltd.,19-Apr-21,19,4,2021,5,20,0,1.9,0.8,1.4,20.5,19.5,-3%,9.2,-54%,Loss
Bizotic Commercial Ltd.,23-Jun-23,23,6,2023,42.2,175,0,2,1.6,1.8,180,171,-2%,58.6,-67%,Loss
V R Films & Studios Ltd.,30-Apr-19,30,4,2019,2.3,61,0,1.5,1.6,1.5,62,60,-2%,28.5,274%,Loss
Quadpro ITeS Ltd.,30-Sep-21,30,9,2021,14.1,20,0,8.7,23.5,16.1,19.8,19.9,-1%,5.6,-44%,Loss
Patron Eim Ltd.,6-Mar-23,6,3,2023,16.7,27,0,1,1.2,1.1,28.4,27,0%,8.8,-68%,Loss
RO Jewels Ltd.,25-Mar-20,25,3,2020,4.9,36,0,1.9,0.4,1.2,36,36,0%,3.5,71%,Profit
Ashapuri Gold Ornament Ltd.,27-Mar-19,27,3,2019,29.3,51,0,2.1,0.3,1.2,50,51,0%,7.5,47%,Profit
HMA Agro Industries Ltd.,4-Jul-23,4,7,2023,480,585,1.7,3,1,1.6,625,585.6,0%,49,-16%,Profit
Earum Pharmaceuticals Ltd.,4-Jul-19,4,7,2019,6.7,36,0,1.7,1.5,1.6,36,36,0%,1.3,-96%,Profit
Adjia Technologies Ltd.,15-Mar-21,15,3,2021,2,74,0,0.9,5.2,6,64.1,74.3,0%,45.1,-39%,Profit
Polysil Irrigation Systems Ltd.,16-Feb-24,16,2,2024,17.4,54,0,2.1,11,6.6,56,54.3,1%,30.8,-43%,Profit
Vishwaraj Sugar Industries Ltd.,16-Oct-19,16,10,2019,60,60,1,1.8,0.6,1.1,61.2,60.4,1%,18.8,-69%,Profit
Star Health and Allied Insurance Company Ltd.,10-Dec-21,10,12,2021,7249.2,900,1,0.2,1.1,0.8,903,906.9,1%,618.6,-31%,Profit
Cian Healthcare Ltd.,23-May-19,23,5,2019,37.9,61,0,1.9,0.6,1.3,62,61.5,1%,5.5,-92%,Profit
Bodhi Tree Multimedia Ltd.,21-Oct-20,21,10,2020,3.7,95,0,1.4,1.8,1.6,95,95.8,1%,12.1,535%,Profit
Mangalam Global Enterprise Ltd.,28-Nov-19,28,11,2019,21.6,51,0,2.1,0.5,1.3,53,51.5,1%,24.4,-52%,Profit
Sahaj Fashions Ltd.,6-Sep-23,6,9,2023,14,30,0,3.7,11.1,7.4,31,30.4,1%,17.9,-40%,Profit
Nirmitee Robotics India Ltd.,21-Apr-20,21,4,2020,3.2,185,0,1.7,0.6,1.1,189,189,2%,75.6,-59%,Profit
Indostar Capital Finance Ltd.,21-May-18,21,5,2018,1844,572,16.1,6.9,1.5,6.8,600.6,585.5,2%,313.8,-45%,Profit
Rachana Infrastructure Ltd.,13-Jun-22,13,6,2022,76.3,135,0,1.8,0.6,1.2,138.7,139.1,3%,60.9,-55%,Profit
Sapphire Foods India Ltd.,18-Nov-21,18,11,2021,2073.3,1180,7.5,3.5,8.7,6.6,1311,1216,3%,347.1,47%,Profit
Sunrise Efficient Marketing Ltd.,12-Apr-22,12,4,2022,16.7,121,0,1.8,1.1,1.5,121.3,124.8,3%,41.9,4%,Profit
Vate Cotfab Ltd.,13-Jan-20,13,1,2020,3.8,24,0,1.8,4,2.9,24.1,24.8,3%,0.8,-44%,Profit
Ishan International Ltd.,22-Sep-22,22,9,2022,18.2,80,0,1.6,1.6,1.6,82,82.8,4%,3,12%,Profit
VELS Film International Ltd.,22-Mar-23,22,3,2023,33.7,99,0,1.2,1,1.1,101,103.4,4%,52.2,-47%,Profit
Mahip Industries Ltd.,12-Mar-19,12,3,2019,16.6,32,0,1.5,1.5,1.5,32,33.6,5%,3.4,-89%,Profit
Indifra Ltd.,29-Dec-23,29,12,2023,14,65,0,2.3,11.5,6.9,72,68.4,5%,32.2,-51%,Profit
Varanium Cloud Ltd.,27-Sep-22,27,9,2022,36.6,122,0,5.8,5.1,5.5,131,128.6,5%,21.8,-29%,Profit
Osia Hyper Retail Ltd.,5-Apr-19,5,4,2019,39.8,252,0,1.7,0.6,1.1,255,267.6,6%,44.8,185%,Profit
Pace E-Commerce Ventures Ltd.,20-Oct-22,20,10,2022,66.5,103,0,1.7,0.6,1.1,104.5,109.7,7%,24.4,-76%,Profit
Dhyaani Tile and Marblez Ltd.,12-Apr-22,12,4,2022,2.5,51,0,2,2.4,2.2,52.3,54.8,8%,25.8,42%,Profit
Finelistings Technologies Ltd.,14-May-24,14,5,2024,13.5,123,0,34.1,36.9,35.5,127,133.3,8%,62.3,-49%,Profit
Maagh Advertising And Marketing Services Ltd.,13-Oct-22,13,10,2022,9.1,60,0,0.2,0.3,0.3,62.3,65.4,9%,12,149%,Profit
Yudiz Solutions Ltd.,17-Aug-23,17,8,2023,44.8,165,1.5,6.8,8.5,4.8,185,181.4,10%,60,-64%,Profit
Earo Tiles Ltd.,16-Aug-21,16,8,2021,161.1,120,17.7,5.4,40,22.6,126,132.3,10%,81.2,-32%,Profit
Goblin India Ltd.,16-Oct-19,16,10,2019,15.2,52,0,1.9,0.9,1.4,57.9,57.9,11%,35.5,-32%,Profit
Easy Trip Planners Ltd.,19-Mar-21,19,3,2021,510,187,77.5,382.2,70.4,159.3,182,208.3,11%,41.6,256%,Profit
SBL Infratech Ltd.,28-Sep-21,28,9,2021,2.4,111,0,0.8,2.4,1.6,130,125,13%,37,-67%,Profit
Shanthala FMCG Products Ltd.,3-Nov-23,3,11,2023,16.1,91,0,4.6,2.9,3.8,108,103.5,14%,58.4,-36%,Profit
Inspire Films Ltd.,5-Oct-23,5,10,2023,21.2,59,13.4,196.2,239.7,120,67,67.8,15%,33.8,-43%,Profit
Artedz Fabs Ltd.,29-Mar-19,29,3,2019,8.3,36,0,1.3,1.8,1.5,40,41.6,16%,18.7,-48%,Profit
Rite Zone Chemcon India Ltd.,11-Nov-22,11,11,2022,9,75,0,2.4,7.1,4.7,82.8,87,16%,42.4,-44%,Profit
Artemis Electricals and Projects Ltd.,14-May-19,14,5,2019,42,60,0,1.7,0.5,1.1,70,69.8,16%,29.8,396%,Profit
Tranway Technologies Ltd.,6-Feb-20,6,2,2020,4.2,10,0,1.1,2.9,2,11.1,11.7,17%,6.3,-37%,Profit
Plada Infotech Services Ltd.,13-Oct-23,13,10,2023,12.4,48,0,37.9,70.1,54,59,56,17%,29.3,-39%,Profit
Piote Industries Ltd.,17-May-24,17,5,2024,14.5,94,0,115.5,88.6,102,109,114.3,22%,64.7,-31%,Profit
HP Adhesives Ltd.,27-Dec-21,27,12,2021,126,274,1.8,19,81.2,21,319,334.9,22%,95.1,74%,Profit
Bandhan Bank Ltd.,27-Mar-18,27,3,2018,4473,375,38.7,13.9,1.2,14.6,485,477.2,27%,210,-44%,Profit
Krishna Institute of Medical Sciences Ltd.,5-Jul-21,5,7,2021,2143.7,825,5.3,1.9,2.9,3.9,1009,1096.8,33%,546.9,231%,Profit
Omnipotent Industries Limited,29-Nov-21,29,11,2021,18.9,63,0,1,1.3,1.2,99,94,49%,9.6,-85%,Profit
Cyber Media Research & Services Ltd.,10-Oct-22,10,10,2022,14,171,6.3,62.6,27.8,22.3,245.3,257.5,51%,109.2,-36%,Profit
Apollo Micro Systems Ltd.,22-Jan-18,22,1,2018,156,275,101.9,958.1,40.2,248.5,478,454.1,65%,107.2,290%,Profit
Varyaaeations Ltd.,30-Apr-24,30,4,2024,20.1,150,0,1.1,5.8,3.5,285,270.8,81%,97.2,-35%,Profit
Euphoria Infotech (India) Ltd.,30-Jan-24,30,1,2024,9.6,100,413.3,238,426.6,364.7,190,181.5,82%,67.6,-32%,Profit
FSN E-commerce Ventures Ltd.,10-Nov-21,10,11,2021,5351.9,1125,91.2,112,12.2,81.8,2001,2206.7,96%,199.3,6%,Profit
Innokaiz India Ltd.,11-May-23,11,5,2023,21.2,78,23.9,224.9,46.1,88.4,148.2,155.6,100%,43.8,-44%,Profit
Sigachi Industries Ltd.,15-Nov-21,15,11,2021,125.4,163,86.5,172.4,80.5,101.9,575,603.8,270%,58.4,259%,Profit
GEM Enviro Management Ltd.,26-Jun-24,26,6,2024,44.9,75,160.2,330,240.3,244.1,142.5,149.6,100%,185.1,147%,Profit
United Cotfab Ltd.,24-Jun-24,24,6,2024,36.3,70,0,130.3,73.3,101.8,75,78.8,13%,53.8,-23%,Profit
GP Eco Solutions India Ltd.,24-Jun-24,24,6,2024,30.8,94,116.5,2258.4,977.4,739.1,375,393.8,319%,267.1,184%,Profit
LE Travenues Technology Ltd.,18-Jun-24,18,6,2024,740.1,93,106.7,110.5,54.7,98.3,138.1,165.7,78%,144.8,56%,Profit
Sattri Information Security Ltd.,12-Jun-24,12,6,2024,21.8,121,0,98,35.8,66.9,150,157.5,30%,177.1,46%,Profit
3C IT Solutions & Telecom (India) Ltd.,12-Jun-24,12,6,2024,11.4,52,0,10.2,28.3,19.2,43,45.2,-13%,35.9,-31%,Loss
Magenta Lifecare Ltd.,12-Jun-24,12,6,2024,7,35,0,1126.3,737.9,932.1,45,47.3,35%,29.6,-15%,Profit
Krono Lab Sciences Ltd.,10-Jun-24,10,6,2024,130.2,136,89,303,55.7,118.2,164.9,159.3,17%,178.5,31%,Profit
TBI Corn Ltd.,7-Jun-24,7,6,2024,44.9,94,43.2,686.2,258.6,215.1,198,207.9,121%,209.9,123%,Profit
Aimtron Electronics Ltd.,6-Jun-24,6,6,2024,87,161,37,269.1,94.9,92.1,241,253.1,57%,436.9,171%,Profit
Associated Coaters Ltd.,6-Jun-24,6,6,2024,5.1,121,0,208.9,417.6,313.3,142,134.9,12%,336.4,178%,Profit
Z-Tech (India) Ltd.,5-Jun-24,5,6,2024,37.3,110,65.4,1106.5,419.2,345.4,100,105,-5%,330.6,201%,Loss
Beacon Trusteeship Ltd.,4-Jun-24,4,6,2024,32.5,60,87,1038.6,671.7,434.4,90,94.5,58%,112,87%,Profit
Vilas Transcore Ltd.,3-Jun-24,3,6,2024,95.3,147,60.9,599.4,214,195.3,215,225.8,54%,399.8,172%,Profit
GSM Foils Ltd.,31-May-24,31,5,2024,11,32,0,246.3,234.5,240.4,32,33.6,5%,81.8,156%,Profit
Awfis Space Solutions Ltd.,30-May-24,30,5,2024,598.9,383,117,129.8,54.6,108.6,435,421.8,10%,723,89%,Profit
HOAC Foods India Ltd.,24-May-24,24,5,2024,5.5,48,0,1317.4,2350.6,1834,147,139.7,191%,142,196%,Profit
Rulka Electricals Ltd.,24-May-24,24,5,2024,26.4,235,108.5,1794,874.5,629.4,525,498.8,112%,410.6,75%,Profit
Go Digit General Insurance Ltd.,23-May-24,23,5,2024,2615,272,12.6,7.2,4.3,9.6,286,306,13%,358.7,32%,Profit
Quest Laboratories Ltd.,23-May-24,23,5,2024,43.2,97,29.6,250.7,76.8,79.3,155.1,147.3,52%,120.4,24%,Profit
Indian Emulsifier Ltd.,22-May-24,22,5,2024,42.4,132,93.3,1039.5,643.9,427.9,430,451.5,242%,310,135%,Profit
ABS Marine Services Ltd.,21-May-24,21,5,2024,96.3,147,57,354.6,146.9,133.1,294,279.3,90%,270.1,84%,Profit
Veritaas Advertising Ltd.,21-May-24,21,5,2024,8.5,114,64.1,781.3,1227.8,581.4,275,261.3,129%,145.5,28%,Profit
Mandeep Auto Industries Ltd.,21-May-24,21,5,2024,25.3,67,0,58.5,86,72.3,62.3,65.3,-3%,47.1,-30%,Loss
Premier Roadlines Ltd.,17-May-24,17,5,2024,40.4,67,47.8,239.7,141.5,109.3,87,91.3,36%,127,90%,Profit
Aztec Fluids & Machinery Ltd.,17-May-24,17,5,2024,24.1,67,107.9,252.8,228.4,203,90,85.5,28%,98.3,47%,Profit
Energy-Mission Machineries (India) Ltd.,16-May-24,16,5,2024,41.1,138,85.9,804.4,384.5,298.2,366,384.3,178%,466.5,238%,Profit
TBO Tek Ltd.,15-May-24,15,5,2024,1550.8,920,125.5,50.6,25.7,86.7,1426,1406.3,53%,1752.5,91%,Profit
Aadhar Housing Finance Ltd.,15-May-24,15,5,2024,3000,315,72.8,16.5,2.5,25.5,315,329.4,5%,464.3,47%,Profit
Silkfle Polymers Ltd.,15-May-24,15,5,2024,18.1,52,0,34.6,31.1,32.8,60,58.7,13%,97.5,88%,Profit
TGIF Agribusiness Ltd.,15-May-24,15,5,2024,6.4,93,0,29.2,35.3,35.1,150,142.5,53%,94,1%,Profit
Refractory Shapes Ltd.,14-May-24,14,5,2024,18.6,31,48.2,616.8,344.2,237.1,75,78.8,154%,145.9,371%,Profit
Winsol Engineers Ltd.,14-May-24,14,5,2024,23.4,75,110.2,1447,1038.7,635.7,365,383.3,411%,312.6,317%,Profit
Indegene Ltd.,13-May-24,13,5,2024,1841.8,452,197.6,55.1,8,69.9,655,570.9,26%,662.3,47%,Profit
Slone Infosystems Ltd.,10-May-24,10,5,2024,11.1,79,0,718.1,514.2,616.1,118.5,112.6,43%,168,113%,Profit
Storage Technologies & Automation Ltd.,8-May-24,8,5,2024,29.9,78,117.9,422.8,242.7,258.6,148.2,153.1,96%,172.6,121%,Profit
Amkay Products Ltd.,8-May-24,8,5,2024,12.6,55,173,722,973.1,693.4,104.5,109.7,100%,61.5,12%,Profit
Sai Swami Metals and Alloys Ltd.,8-May-24,8,5,2024,15,60,0,530,501.9,515.9,114,119.7,100%,52.4,-13%,Profit
JNK India Ltd.,30-Apr-24,30,4,2024,649.5,415,75.7,23.3,4.1,28.1,621,694.5,67%,693,67%,Profit
Emmforce Autotech Ltd.,30-Apr-24,30,4,2024,53.9,98,160.6,637.7,267.6,338.9,186.2,195.5,100%,130.2,33%,Profit
Shivam Chemicals Ltd.,30-Apr-24,30,4,2024,20.2,44,0,4.2,8.4,6.3,48,47.4,8%,52.8,20%,Profit
Faalcon Concepts Ltd.,26-Apr-24,26,4,2024,12.1,62,0,90.7,44.8,67.8,95,90.3,46%,68.5,11%,Profit
Vodafone Idea Ltd.,25-Apr-24,25,4,2024,18000,11,17.6,4.1,0.9,6.4,11.8,13.1,19%,10.5,-5%,Profit
Grill Splendour Services Ltd.,23-Apr-24,23,4,2024,16.5,120,0,4.5,12.1,8.3,121.3,127.3,6%,85.1,-29%,Profit
Ramdevbaba Solvent Ltd.,23-Apr-24,23,4,2024,50.3,85,34.9,416.4,105.8,116.9,112,117.6,38%,90.8,7%,Profit
Greenhitech Ventures Ltd.,22-Apr-24,22,4,2024,6.3,50,0,893.2,566.1,729.7,95,99.8,100%,107.5,115%,Profit
DCG Cables & Wires Ltd.,16-Apr-24,16,4,2024,50,100,0,11.1,20.6,15.8,90,85.5,-15%,138.3,38%,Loss
Bharti Heacom Ltd.,12-Apr-24,12,4,2024,4275,570,48.6,10.5,2.8,29.9,755,813.3,43%,1447,154%,Profit
Aluwind Architectural Ltd.,9-Apr-24,9,4,2024,29.7,45,0,5.1,10.2,7.6,45,47.3,5%,64,42%,Profit
Creative Graphics Solutions India Ltd.,9-Apr-24,9,4,2024,54.4,85,52.5,628.7,192.2,187.8,175,176.3,107%,173.5,104%,Profit
Yash Optics & Lens Ltd.,8-Apr-24,8,4,2024,53.1,81,9.5,130.4,43,39.4,90,92.7,14%,93,15%,Profit
Jay Kailash Namkeen Ltd.,8-Apr-24,8,4,2024,11.9,73,2.3,54.6,51,38,85,80.8,11%,61.1,-16%,Profit
K2 Infragen Ltd.,8-Apr-24,8,4,2024,40.5,119,12,147.1,52.3,46.4,167,173.3,46%,239.7,101%,Profit
Radiowalla Network Ltd.,5-Apr-24,5,4,2024,14.3,76,46.1,646.3,463.1,282.1,120.2,126.2,66%,123.8,63%,Profit
Trust Fintech Ltd.,4-Apr-24,4,4,2024,63.5,101,34.7,325.1,99.7,101,143.3,150.4,49%,242.6,140%,Profit
SRM Contractors Ltd.,3-Apr-24,3,4,2024,130.2,210,59.6,214.9,47,86.6,215.3,226,8%,281.8,34%,Profit
Aspire & Innovative Advertising Ltd.,3-Apr-24,3,4,2024,22,54,2.8,34.5,21.8,14.2,56.5,59.3,10%,77.7,44%,Profit
Blue Pebble Ltd.,3-Apr-24,3,4,2024,18.1,168,11.5,129.8,77.4,52.3,199,208.9,24%,280.2,67%,Profit
Vruddhi Engineering Works Ltd.,3-Apr-24,3,4,2024,4.8,70,1.1,28.1,20.1,12.7,71,74.5,7%,242,246%,Profit
Gconnect Logitech and Supply Chain Ltd.,3-Apr-24,3,4,2024,5.6,40,0,40.8,67.9,54.4,42,44.1,10%,82,105%,Profit
Naman In-Store (India) Ltd.,2-Apr-24,2,4,2024,25.4,89,58.3,703,436.9,287.5,125,118.8,33%,190,114%,Profit
Vishwas Agri Seeds Ltd.,1-Apr-24,1,4,2024,25.8,86,0,12.2,11,11.6,85,83.6,-3%,80.8,-6%,Loss
Omfurn India Ltd.,28-Mar-24,28,3,2024,27,75,0.8,3.8,7.1,3.4,76.6,76.6,2%,60.9,-19%,Profit
Chatha Foods Ltd.,27-Mar-24,27,3,2024,34,56,8.5,33.2,14.6,18,73,76.7,37%,117.5,110%,Profit
KP Green Engineering Ltd.,22-Mar-24,22,3,2024,189.5,144,31.9,36,20.1,27.5,200,210,46%,435.8,203%,Profit
Enfuse Solutions Ltd.,22-Mar-24,22,3,2024,22.4,96,53,1266.9,329.3,331.8,115,115.5,20%,168.1,75%,Profit
Enser Communications Ltd.,22-Mar-24,22,3,2024,16.2,70,0,3.6,10.4,7,72,70.1,0%,270,286%,Profit
Krystal Integrated Services Ltd.,21-Mar-24,21,3,2024,300.1,715,7.3,43.9,3.3,13.2,785,712.9,0%,768.3,8%,Loss
AVP Infracon Ltd.,20-Mar-24,20,3,2024,52.3,75,0.5,57.5,27.6,18.5,79,75,0%,161.6,115%,Profit
Popular Vehicles and Services Ltd.,19-Mar-24,19,3,2024,601.5,295,2,0.7,1.1,1.2,289.2,276.1,-6%,221.7,-25%,Loss
Signoriaeation Ltd.,19-Mar-24,19,3,2024,9.3,65,41.9,1962,888.2,626.1,131,137.6,112%,144,122%,Profit
Royal Sense Ltd.,19-Mar-24,19,3,2024,9.9,68,0,8.9,6.5,7.7,129.2,122.7,81%,155,128%,Profit
Pratham EPC Projects Ltd.,18-Mar-24,18,3,2024,36,75,37.3,426.6,238.5,166.1,113.3,119,59%,250.3,234%,Profit
Pune E-Stock Broking Ltd.,15-Mar-24,15,3,2024,38.2,83,123,357.5,338.9,296.6,130,133.2,61%,217.6,162%,Profit
Gopal Snacks Ltd.,14-Mar-24,14,3,2024,650,401,17.5,9.5,4,9,351,362.7,-10%,381.6,-5%,Loss
Shree Karni Fabcom Ltd.,14-Mar-24,14,3,2024,42.5,227,60,614,439.1,275.8,260,273,20%,799.9,252%,Profit
Koura Fine Diamond Jewelry Ltd.,14-Mar-24,14,3,2024,5.5,55,0,353.3,1010.3,681.8,75,78.6,43%,39,-29%,Profit
J G Chemicals Ltd.,13-Mar-24,13,3,2024,251.2,221,32.1,46.3,17.4,27.8,209,184.8,-16%,412.9,87%,Loss
Sona Machinery Ltd.,13-Mar-24,13,3,2024,51.8,143,68.9,737.7,312.2,254.4,125,131.3,-8%,183,28%,Loss
R K Swamy Ltd.,12-Mar-24,12,3,2024,423.6,288,20.6,34.4,34,25.9,250,262.6,-9%,254.8,-12%,Loss
Bharat Highways InvIT,12-Mar-24,12,3,2024,2500,100,8.9,6.9,-,8,101.1,103,3%,112.9,13%,Profit
V R Infraspace Ltd.,12-Mar-24,12,3,2024,20.4,85,0,81.3,91.2,86.3,90,87.4,3%,354,317%,Profit
Mukka Proteins Ltd.,7-Mar-24,7,3,2024,224,28,189.3,250.4,58.5,137,40,42.3,51%,42.9,53%,Profit
Platinum Industries Ltd.,5-Mar-24,5,3,2024,235.3,171,151,141.8,51,99,225,221.2,29%,393.4,130%,Profit
Eicom Tele-Systems Ltd.,5-Mar-24,5,3,2024,424.1,142,121.8,153.2,119.6,129.5,265,224.9,58%,327.7,131%,Profit
Purv Fleipack Ltd.,5-Mar-24,5,3,2024,40.2,71,79.9,938.9,589.1,386.9,260,247,248%,161,127%,Profit
Sadhav Shipping Ltd.,1-Mar-24,1,3,2024,38.2,95,0,175.7,65.8,120.7,135,141.8,49%,181.8,91%,Profit
GPT Healthcare Ltd.,29-Feb-24,29,2,2024,525.1,186,17.3,11,2.4,8.5,215,200.7,8%,182.8,-2%,Profit
Juniper Hotels Ltd.,28-Feb-24,28,2,2024,1800,360,3,0.8,1.3,2.1,365,401.5,12%,370.9,3%,Profit
Zenith Drugs Ltd.,27-Feb-24,27,2,2024,40.7,79,35.6,309,116.2,104.8,110,105.2,33%,126.4,60%,Profit
Deem Roll-Tech Ltd.,27-Feb-24,27,2,2024,29.3,129,0,296.4,171.4,233.9,200,209.7,63%,106,-18%,Profit
Kalahridhaan Trendz Ltd.,23-Feb-24,23,2,2024,22.5,45,0,6.5,9.8,8.2,47.1,49.5,10%,36,-20%,Profit
Thaai Casting Ltd.,23-Feb-24,23,2,2024,47.2,77,76,960.4,467.9,345.9,185.9,195.2,153%,176.4,129%,Profit
Interiors & More Ltd.,23-Feb-24,23,2,2024,42,227,1.9,40.8,10.5,10.8,270,283.5,25%,343,51%,Profit
Atmastco Ltd.,23-Feb-24,23,2,2024,56.3,77,0,14.4,18.4,16.4,91,95.5,24%,276.3,259%,Profit
Vibhor Steel Tubes Ltd.,20-Feb-24,20,2,2024,72.2,151,178.7,721.3,188.2,298.9,425,446.3,196%,252,67%,Profit
Wise Travel India Ltd.,19-Feb-24,19,2,2024,94.7,147,54.6,481.4,139.1,148.2,195,204.8,39%,279.1,90%,Profit
Entero Healthcare Solutions Ltd.,16-Feb-24,16,2,2024,1600,1258,2.3,0.2,1.3,1.5,1228.7,1149.5,-9%,1366.6,9%,Loss
Rudra Gas Enterprise Ltd.,15-Feb-24,15,2,2024,14.2,63,0,281.9,383.5,332.7,119.7,125.7,100%,179.8,186%,Profit
Rashi Peripherals Ltd.,14-Feb-24,14,2,2024,600,311,143.7,62.8,10.4,59.7,339.5,321.5,3%,381.6,23%,Profit
Jana Small Finance Bank Ltd.,14-Feb-24,14,2,2024,570,414,38.8,25.1,5.5,18.5,396,368.1,-11%,577.1,39%,Loss
Apeejay Surrendra Park Hotels Ltd.,12-Feb-24,12,2,2024,920,155,75.1,52.4,30.4,59.7,186,203.6,31%,172.3,11%,Profit
Gabriel Pet Straps Ltd.,7-Feb-24,7,2,2024,8.1,101,0,349,116.1,232.6,115,120.8,20%,128,27%,Profit
BLS E-Services Ltd.,6-Feb-24,6,2,2024,310.9,135,123.3,300.1,237,162.5,305,366,171%,238.3,77%,Profit
Megatherm Induction Ltd.,5-Feb-24,5,2,2024,53.9,108,55.8,408.5,266.3,182.4,198,207.9,93%,353.3,227%,Profit
Mayank Cattle Food Ltd.,5-Feb-24,5,2,2024,19.4,108,0,5.7,11.2,8.4,116,120,11%,212.7,97%,Profit
Harshdeep Hortico Ltd.,5-Feb-24,5,2,2024,19.1,45,54.2,134.4,98.3,96.4,70,66.5,48%,67,49%,Profit
Fonebo Retail Ltd.,2-Feb-24,2,2,2024,20.4,70,74,1091.7,1178.7,613.3,200,210,200%,186,166%,Profit
DelaPle Ltd.,2-Feb-24,2,2,2024,46.1,192,48.2,445.6,212.2,165.2,309,324.4,69%,247.8,29%,Profit
Docmode Health Technologies Ltd.,2-Feb-24,2,2,2024,6.7,79,0,185.1,218.7,201.9,190.3,180.8,129%,109.2,38%,Profit
Nova Agritech Ltd.,31-Jan-24,31,1,2024,143.8,41,79.3,224.1,77.1,109.4,55,57.8,41%,67.1,64%,Profit
Brisk Technovision Ltd.,31-Jan-24,31,1,2024,12.5,156,0,55.5,34.1,44.8,175,183.8,18%,135.7,-13%,Profit
Konstelec Engineers Ltd.,30-Jan-24,30,1,2024,28.7,70,60.4,561.5,581.3,317.9,210,220.5,215%,178.8,156%,Profit
Addictive Learning Technology Ltd.,30-Jan-24,30,1,2024,60.2,140,59.5,533.7,387.3,245.3,310,294.5,110%,320.4,129%,Profit
EPack Durables Ltd.,30-Jan-24,30,1,2024,640,230,25.5,28.1,6.3,16.4,221,207.6,-10%,398.8,73%,Loss
Qualitek Labs Ltd.,29-Jan-24,29,1,2024,19.6,100,0,74.8,37.2,56,190,199.5,100%,294.8,195%,Profit
Medi Assist Healthcare Services Ltd.,23-Jan-24,23,1,2024,1171.6,418,40.1,14.8,3.2,16.3,460,464.1,11%,683.3,64%,Profit
Maposure Ltd.,23-Jan-24,23,1,2024,20.3,33,83.4,2574,1363.1,904.9,145,137.8,317%,100.3,204%,Profit
Shree Marutinandan Tubes Ltd.,19-Jan-24,19,1,2024,14.3,143,0,33,56.7,44.9,200,210,47%,203,42%,Profit
New Swan Multitech Ltd.,18-Jan-24,18,1,2024,33.1,66,110.7,544.8,388.2,356.9,125.4,131.7,100%,75,14%,Profit
Jyoti CNC Automation Ltd.,16-Jan-24,16,1,2024,1000,331,44.1,36.5,26.2,38.5,370,434.2,31%,1170.1,254%,Profit
IBL Finance Ltd.,16-Jan-24,16,1,2024,33.4,51,0,9.6,22.8,16.2,56,58.8,15%,84.5,66%,Profit
Kaushalya Logistics Ltd.,8-Jan-24,8,1,2024,36.6,75,51.3,1110,491.4,364.2,100,105,40%,134,79%,Profit
Akanksha Power and Infrastructure Ltd.,3-Jan-24,3,1,2024,27.5,55,20.4,316.8,146.3,108.9,62,65.1,18%,144.1,162%,Profit
HRH Net Services Ltd.,3-Jan-24,3,1,2024,9.6,36,0,63.7,60.3,62,41,43,20%,110.6,207%,Profit
Shri Balaji Valve Components Ltd.,3-Jan-24,3,1,2024,21.6,100,70,800.1,169.9,276.5,190,199.5,100%,269.4,169%,Profit
Manoj Ceramic Ltd.,3-Jan-24,3,1,2024,14.5,62,0,7,10.2,8.6,82,77.9,26%,102,64%,Profit
AIK Pipes And Polymers Ltd.,2-Jan-24,2,1,2024,15,89,0,53.5,29.4,41.4,100,105,18%,137.9,55%,Profit
A G Universal Ltd.,24-Apr-23,24,4,2023,8.7,60,0,4.2,2.5,3.4,60,60.1,0%,62.5,4%,Profit
ASK Automotive Ltd.,15-Nov-23,15,11,2023,833.9,282,142.4,35.5,5.7,51.1,303.3,310.1,10%,458.8,63%,Profit
AccelerateBS India Ltd.,19-Jul-23,19,7,2023,5.7,90,0,37.3,56,46.6,109.5,115,28%,250,344%,Profit
Accent Microcell Ltd.,15-Dec-23,15,12,2023,78.4,140,63,766.7,544.7,337.1,300,315,125%,272.9,95%,Profit
Aerofle Industries Ltd.,31-Aug-23,31,8,2023,351,108,194.7,126.1,34.4,97.1,190,163.3,51%,181.6,68%,Profit
Agarwal Float Glass India Ltd.,23-Feb-23,23,2,2023,9.2,42,0,3.1,7.2,5.2,44,44,5%,97.3,132%,Profit
Ahasolar Technologies Ltd.,21-Jul-23,21,7,2023,12.8,157,0,22.3,43.8,33,203,213.2,36%,348,122%,Profit
Alphalogic Industries Ltd.,14-Jul-23,14,7,2023,12.9,96,0,-,5.1,4.6,96,96.3,0%,210,338%,Profit
Amanaya Ventures Ltd.,9-Mar-23,9,3,2023,2.8,23,0,0.8,2.7,1.8,20.1,19.1,-17%,18,-22%,Loss
Anlon Technology Solutions Ltd.,10-Jan-23,10,1,2023,15,100,54.5,883.6,446.8,428.5,251.1,263.6,164%,405,305%,Profit
Arabian Petroleum Ltd.,9-Oct-23,9,10,2023,20.2,70,0,15,22,18.5,77.4,76.3,9%,104,49%,Profit
Aristo Bio-Tech and Lifescience Ltd.,30-Jan-23,30,1,2023,13.1,72,0,285.8,149.5,217.7,80,84,17%,109,51%,Profit
Arrowhead Seperation Engineering Ltd.,28-Nov-23,28,11,2023,13,233,0,44.9,134.6,89.8,250,237.5,2%,173,-26%,Profit
Arvind and Company Shipping Agencies Ltd.,25-Oct-23,25,10,2023,14.7,45,0,413.8,305.5,359.6,80,80,78%,125.8,180%,Profit
Asarfi Hospital Ltd.,26-Jul-23,26,7,2023,26.9,52,50.6,334.2,167.8,181.5,98.8,103.7,100%,63.2,22%,Profit
Auro Impe & Chemicals Ltd.,23-May-23,23,5,2023,24.3,78,6.3,235.7,81.2,66.9,78,75.7,-3%,81.5,4%,Loss
Avalon Technologies Ltd.,18-Apr-23,18,4,2023,865,436,3.6,0.4,0.8,2.2,436,398,-9%,581.8,33%,Loss
Azad Engineering Ltd.,28-Dec-23,28,12,2023,740,524,179.7,87.6,23.8,80.7,720,677.5,29%,1490.2,184%,Profit
Baba Food Processing (India) Ltd.,15-Nov-23,15,11,2023,33,76,135.9,34,137.4,66,76,72.2,-5%,55.8,-27%,Loss
Basilic Fly Studio Ltd.,11-Sep-23,11,9,2023,66.3,97,53.1,628.4,473.8,286.6,271,284.6,193%,474.2,389%,Profit
Benchmark Computer Solutions Ltd.,21-Dec-23,21,12,2023,12.2,66,0,179.9,279.5,229.7,80,77.1,17%,49.2,-26%,Profit
Blue Jet Healthcare Ltd,1-Nov-23,1,11,2023,840.3,346,13.7,13.6,2.2,8,380,413.3,19%,521.1,51%,Profit
Bright Outdoor Media Ltd.,24-Mar-23,24,3,2023,55.5,146,0,1.4,1.1,1.3,150,157.5,8%,492.1,237%,Profit
CFF Fluid Control Ltd.,12-Jun-23,12,6,2023,85.8,165,0,2.6,1.5,2,175,183.8,11%,672.5,308%,Profit
CPS Shapers Ltd.,7-Sep-23,7,9,2023,11.1,185,0,188,285.4,236.7,450,472.5,155%,328.6,78%,Profit
Canarys Automations Ltd.,11-Oct-23,11,10,2023,47,31,1.3,22.3,14.1,8.9,43.5,41.3,33%,43.5,41%,Profit
Cellecor Gadgets Ltd.,28-Sep-23,28,9,2023,50.8,92,0,101.2,115.4,108.3,92,96.6,5%,64.8,604%,Profit
Cello World Ltd.,6-Nov-23,6,11,2023,1900,648,108.6,24.4,3.1,38.9,829,791.7,22%,875.6,35%,Profit
Chaman Metallics Ltd.,16-Jan-23,16,1,2023,24.2,38,0,255.9,159.8,207.9,68,64.6,70%,128,237%,Profit
Chavda Infra Ltd.,25-Sep-23,25,9,2023,43.3,65,50.5,321.7,268.3,167.4,91,86.5,33%,189,191%,Profit
Cityops Agro Ltd.,10-Oct-23,10,10,2023,15,25,0,2.1,4.5,3.3,25.5,25.4,2%,28.4,14%,Profit
Command Polymers Ltd.,29-Mar-23,29,3,2023,7.1,28,0,1.8,1,1.4,26.8,26.5,-5%,29.4,5%,Loss
Committed Cargo Care Ltd.,18-Oct-23,18,10,2023,24.9,77,0,89.5,74.7,82.1,82,86.1,12%,56.5,-27%,Profit
Comrade Appliances Ltd.,13-Jun-23,13,6,2023,12.3,54,21.9,120.8,72.1,71.9,87,91.3,69%,129.3,139%,Profit
Concord Biotech Ltd.,18-Aug-23,18,8,2023,1551,741,67.7,17,3.8,24.9,900,942.8,27%,2601.1,251%,Profit
Crayons Advertising Ltd.,2-Jun-23,2,6,2023,41.8,65,24,308.6,225.7,137.3,90,94.5,45%,120,85%,Profit
Credo Brands Marketing Ltd.,27-Dec-23,27,12,2023,549.8,280,105,55.5,19.9,51.9,282.4,312.2,12%,198.4,-29%,Profit
Crop Life Science Ltd.,30-Aug-23,30,8,2023,26.7,52,0,1.6,6.8,4.2,56,53.1,2%,56.3,8%,Profit
Cyient DLM Ltd.,10-Jul-23,10,7,2023,592,265,90.4,45,49.2,67.3,403,420.6,59%,691.8,161%,Profit
DOMS Industries Ltd.,20-Dec-23,20,12,2023,1200,790,116,66.5,69.7,93.5,1400,1326,68%,2699.2,242%,Profit
De Neers Tools Ltd.,11-May-23,11,5,2023,23,101,3.7,60.2,11.9,15,190,180.5,79%,201.5,100%,Profit
Deepak Chemte Ltd.,6-Dec-23,6,12,2023,23,80,96.8,473.2,475.4,374.3,152,159.6,100%,95.4,19%,Profit
Dev Labtech Venture Ltd.,29-Mar-23,29,3,2023,11.2,51,0,2.6,8.2,5.5,51,50.2,-2%,85.5,68%,Loss
Dharni Capital Services Ltd.,31-Jan-23,31,1,2023,10.7,20,0,6.3,6.8,6.5,21,20.3,1%,44.2,121%,Profit
Digikore Studios Ltd.,4-Oct-23,4,10,2023,30.5,171,32.4,448.2,456.3,243.1,270,283.5,66%,429.4,151%,Profit
Divgi Torqtransfer Systems Ltd.,14-Mar-23,14,3,2023,412.1,590,7.8,1.4,4.3,5.4,620,605.2,3%,599.3,2%,Profit
Drone Destination Ltd.,21-Jul-23,21,7,2023,44.2,65,18.7,226.4,231.7,124.4,107.5,102.1,57%,240.6,270%,Profit
Ducol Organics & Colours Ltd.,19-Jan-23,19,1,2023,31.5,78,0,58.1,31,44.6,112,117.5,51%,126,62%,Profit
E Factor Eperiences Ltd.,9-Oct-23,9,10,2023,25.9,75,24.5,224.1,63.4,68,115,120.8,61%,230.2,207%,Profit
EMS Ltd.,21-Sep-23,21,9,2023,321.2,211,153,82.3,29.8,75.3,282.1,279.9,33%,817,287%,Profit
ESAF Small Finance Bank Ltd.,10-Nov-23,10,11,2023,463,60,173.5,84.4,17,73.2,71,69,15%,49.7,-17%,Profit
Earthstahl & Alloys Ltd.,8-Feb-23,8,2,2023,13,40,39.8,445.1,190.7,234.8,55,57.8,44%,39.4,-2%,Profit
Eastern Logica Infoway Ltd.,17-Jan-23,17,1,2023,16.9,225,0,1.9,1.6,1.7,270,283.5,26%,245,553%,Profit
Electro Force (India) Ltd.,27-Dec-23,27,12,2023,80.7,93,0,2.1,6.1,4.1,100,105,13%,72.9,-22%,Profit
Essen Speciality Films Ltd.,6-Jul-23,6,7,2023,66.3,107,24,149.7,90.4,66.1,140,147,37%,357.1,234%,Profit
Ehicon Events Media Solutions Ltd.,17-Apr-23,17,4,2023,21.1,64,1,3.3,2.3,1.9,64,67.2,5%,300.8,370%,Profit
Fedbank Financial Services Ltd.,30-Nov-23,30,11,2023,1092.3,140,3.5,1.4,1.8,2.2,138,140.3,0%,119.1,-15%,Profit
Flair Writing Industries Ltd.,1-Dec-23,1,12,2023,593,304,115.6,33.4,13,46.7,501,450.9,48%,312.6,3%,Profit
Gandhar Oil Refinery (India) Ltd.,30-Nov-23,30,11,2023,500.7,169,129,62.2,28.9,64.1,298,301.4,78%,208.4,23%,Profit
Global Pet Industries Ltd.,11-Jul-23,11,7,2023,13.2,49,0,4.3,3.9,4.1,51.7,55.4,13%,103.8,112%,Profit
Global Surfaces Ltd.,23-Mar-23,23,3,2023,155,140,8.9,33.1,5.1,12.2,164,171.1,22%,216.6,55%,Profit
Greenchef Appliances Ltd,6-Jul-23,6,7,2023,53.6,87,22.7,127.9,83.1,59.6,104,109.2,26%,82,-6%,Profit
Happy Forgings Ltd.,27-Dec-23,27,12,2023,1008.6,850,220.5,62.2,15.1,82,1000,1030.8,21%,1221.8,44%,Profit
Hemant Surgical Industries Ltd.,5-Jun-23,5,6,2023,24.8,90,41,203.3,158.7,139.7,171,179.6,100%,152,69%,Profit
Hi-Green Carbon Ltd.,28-Sep-23,28,9,2023,52.8,75,36.6,310.7,257.1,154.9,77,80.8,8%,242.6,223%,Profit
Holmarc Opto-Mechatronics Ltd.,25-Sep-23,25,9,2023,11.4,40,0,88.7,72,80.3,65.3,68.5,71%,120,200%,Profit
Homesfy Realty Ltd.,2-Jan-23,2,1,2023,15.9,197,0,26.8,16.5,21.7,275.1,287.9,46%,545,177%,Profit
Honasa Consumer Ltd.,7-Nov-23,7,11,2023,1701.4,324,11.5,4,1.4,7.6,330,337.1,4%,477.6,47%,Profit
IKIO Lighting Ltd.,16-Jun-23,16,6,2023,607,285,163.6,63.4,13.9,66.3,392.5,403.9,42%,299.9,5%,Profit
IRM Energy Ltd.,26-Oct-23,26,10,2023,545.4,505,44.7,48.3,9.3,27.1,477.3,473.1,-6%,445.6,-12%,Loss
India Shelter Finance Corporation Ltd.,20-Dec-23,20,12,2023,1200,493,89.7,28.5,9.9,36.7,620,544.7,11%,718.9,46%,Profit
Indong Tea Company Ltd.,21-Feb-23,21,2,2023,13,26,0,2.2,7.8,5,20.8,21.8,-16%,29.8,14%,Loss
Infinium Pharmachem Ltd.,17-Apr-23,17,4,2023,25.3,135,0,1.8,1.9,1.9,141.5,147.8,10%,294.1,336%,Profit
Infollion Research Services Ltd.,8-Jun-23,8,6,2023,21.4,82,36.1,800.4,345.5,259.1,209,198.6,142%,281,243%,Profit
Innova Captab Ltd.,29-Dec-23,29,12,2023,570,448,116.7,65,17.1,55.3,452.1,541.4,21%,794.9,77%,Profit
Innovatus Entertainment Networks Ltd.,4-Aug-23,4,8,2023,7.7,50,0,57,142.9,100,50,49,-2%,42.5,-15%,Loss
Ino India Ltd.,21-Dec-23,21,12,2023,1459.3,660,147.8,53.2,15.3,61.3,949.6,940,42%,1094,66%,Profit
JSW Infrastructure Ltd.,3-Oct-23,3,10,2023,2800,119,57.1,16,10.3,37.4,143,157.3,32%,336.4,183%,Profit
Jiwanram Sheoduttrai Industries Ltd.,18-Sep-23,18,9,2023,17.1,23,0,66.3,144,105.2,30,28.5,24%,18.3,-21%,Profit
Jupiter Life Line Hospitals Ltd.,18-Sep-23,18,9,2023,869.1,735,187.3,34.8,7.7,63.7,973,1075.8,46%,1342.3,83%,Profit
KK Shah Hospitals Ltd.,6-Nov-23,6,11,2023,8.8,45,0,16.9,8.9,12.9,56.1,58.9,31%,46,2%,Profit
Kahan Packaging Ltd.,15-Sep-23,15,9,2023,5.8,80,0,393.1,986.8,689.9,152,159.6,100%,76.2,-5%,Profit
Kaka Industries Ltd.,19-Jul-23,19,7,2023,21.2,58,72.1,316,358.9,271.3,110.2,115.7,100%,260,348%,Profit
Kalyani Cast-Tech Ltd.,17-Nov-23,17,11,2023,30.1,139,66.3,188.6,190.9,162.4,264.1,277.3,100%,502.3,261%,Profit
Karnika Industries Ltd.,12-Oct-23,12,10,2023,25.1,76,0,3.2,2.8,3,81,82.6,9%,260.6,243%,Profit
Khazanchi Jewellers Ltd.,7-Aug-23,7,8,2023,96.7,140,0,1.8,0.7,1.3,142.3,149.4,7%,529.5,278%,Profit
Kontor Space Ltd.,10-Oct-23,10,10,2023,15.6,93,0,39.8,90.6,65.2,122,115.9,25%,157,69%,Profit
Kundan Edifice Ltd.,26-Sep-23,26,9,2023,25.2,91,0,34,41.9,37.9,75,78.8,-14%,146.3,61%,Loss
Labelkraft Technologies Ltd.,23-Mar-23,23,3,2023,4.8,55,0,46.8,59.8,53.4,56,55.8,1%,69,25%,Profit
Lead Reclaim and Rubber Products Ltd.,21-Feb-23,21,2,2023,4.9,25,0,87.6,63.9,75.7,27.5,27.6,11%,106.9,328%,Profit
MCON Rasayan India Ltd.,20-Mar-23,20,3,2023,6.8,40,0,307.1,453.4,384.6,48,50.4,26%,177.3,343%,Profit
MOS Utility Ltd.,18-Apr-23,18,4,2023,50,76,5.4,55,11.4,14.9,90,94.5,24%,324.1,326%,Profit
Madhusudan Masala Ltd.,26-Sep-23,26,9,2023,23.8,70,46.1,764.7,786.2,412.9,120,114,63%,184.6,164%,Profit
Magson Retail & Distribution Ltd.,6-Jul-23,6,7,2023,13.7,65,0,5.9,7,6.5,91.2,95.7,47%,102,57%,Profit
Maiden Forgings Ltd.,6-Apr-23,6,4,2023,23.8,63,1,1.4,1.1,1.2,63,59.9,-5%,89.5,42%,Loss
Maitreya Medicare Ltd.,7-Nov-23,7,11,2023,14.9,82,42.6,1021.4,673.1,410.1,162.6,154.4,88%,377,360%,Profit
Mankind Pharma Ltd.,9-May-23,9,5,2023,4326.4,1080,49.2,3.8,0.9,15.3,1300,1422.3,32%,2535.8,135%,Profit
Manoj Vaibhav Gems N Jewellers Ltd.,3-Oct-23,3,10,2023,270.2,215,1.1,5.2,1.7,2.3,215,215.5,0%,280.9,31%,Profit
Marco Cables & Conductors Ltd.,28-Sep-23,28,9,2023,18.7,36,0,23.1,33.3,28.2,38.7,40.6,13%,70,94%,Profit
Marinetrans India Ltd.,8-Dec-23,8,12,2023,10.9,26,0,17.2,44.8,31,30,31,19%,24.8,-5%,Profit
Master Components Ltd.,29-Sep-23,29,9,2023,15.4,140,0,5.7,9.6,7.6,140.4,140.2,0%,309.9,121%,Profit
Mish Designs Ltd.,7-Nov-23,7,11,2023,9.8,122,0,94.2,150.5,122.3,160,152,25%,224.2,84%,Profit
Mono Pharmacare Ltd.,7-Sep-23,7,9,2023,14.8,28,10.3,7.7,18.4,12.8,29,30.4,9%,35,25%,Profit
Muthoot Microfin Ltd.,26-Dec-23,26,12,2023,960,291,17.5,13.2,7.6,11.5,275.3,266.1,-9%,229,-21%,Loss
Net Avenue Technologies Ltd.,8-Dec-23,8,12,2023,10.3,18,32.8,822.1,958.5,475.2,42,39.9,122%,15.2,-16%,Profit
Newjaisa Technologies Ltd.,5-Oct-23,5,10,2023,39.9,47,0.5,20.9,8.7,6.4,71,70.8,51%,98,109%,Profit
Neus Select Trust REIT,19-May-23,19,5,2023,3200,100,1.9,6.2,-,3,103,104.3,4%,139.3,39%,Profit
Nirman Agri Genetics Ltd.,28-Mar-23,28,3,2023,20.3,99,0,1.2,2.2,1.7,102,101.3,2%,346.4,250%,Profit
On Door Concepts Ltd.,1-Nov-23,1,11,2023,31.2,208,0,3.1,7.4,5.3,214,203.4,-2%,433.5,108%,Loss
Oneclick Logistics Ltd.,11-Oct-23,11,10,2023,9.9,99,0,132.2,212.4,172.3,140,133,34%,76,-23%,Profit
Organic Recycling Systems Ltd.,6-Oct-23,6,10,2023,50,200,0,4.2,2.1,3.1,215,225.8,13%,260,30%,Profit
Paragon Fine & Speciality Chemical Ltd.,3-Nov-23,3,11,2023,51.7,100,43.2,557,245.9,191.3,225,213.8,114%,165.5,66%,Profit
Pattech Fitwell Tube Components Ltd.,21-Apr-23,21,4,2023,12,50,0,2,1.9,2,55,57.8,16%,108.5,117%,Profit
Pentagon Rubber Ltd.,10-Jul-23,10,7,2023,16.2,70,14.6,204.4,173.8,98.8,117.3,117.3,68%,106,51%,Profit
Plaza Wires Ltd.,12-Oct-23,12,10,2023,71.3,54,42.8,388.1,374.8,161,76,80.2,49%,85,57%,Profit
Pramara Promotions Ltd.,13-Sep-23,13,9,2023,15.3,63,0,32.4,16.3,24.3,111,116.5,85%,150,138%,Profit
Presstonic Engineering Ltd.,18-Dec-23,18,12,2023,23.3,72,0,127,179.3,153.2,140,147,104%,118.8,65%,Profit
Prospect Commodities Ltd.,20-Mar-23,20,3,2023,7.5,61,0,6.8,3.8,5.3,61,61.5,1%,131,115%,Profit
Protean eGov Technologies Ltd.,13-Nov-23,13,11,2023,490.3,792,46.9,31.6,8.9,23.9,792,883,12%,2030,156%,Profit
Proventus Agrocom Ltd.,5-Jun-23,5,6,2023,69.5,771,0,4.5,0.7,2.6,821,862,12%,1591.5,106%,Profit
Pyramid Technoplast Ltd.,29-Aug-23,29,8,2023,153.1,166,9.9,32.2,14.7,18.3,185,175.8,6%,180.3,9%,Profit
Quality Foils (India) Ltd.,24-Mar-23,24,3,2023,4.5,60,0,464.5,259.6,364.4,100,97.7,63%,107,78%,Profit
Quicktouch Technologies Ltd.,2-May-23,2,5,2023,9.3,61,0,165,49.5,107.3,92,96.6,58%,151.5,148%,Profit
R R Kabel Ltd.,20-Sep-23,20,9,2023,1964,1035,52.3,13.2,2.1,18.7,1180,1198,16%,1707.5,65%,Profit
RBZ Jewellers Ltd.,27-Dec-23,27,12,2023,100,100,13.4,9.3,24.7,16.9,100,105,5%,168.5,69%,Profit
RO Hi-Tech Ltd.,16-Nov-23,16,11,2023,54.5,83,44.8,440.4,256.3,178.2,135,141.8,71%,115.7,39%,Profit
Radiant Cash Management Services Ltd.,4-Jan-23,4,1,2023,387.9,99,0.9,0.4,0.2,0.5,103,104.9,6%,80.2,-19%,Profit
Rajgor Castor Derivatives Ltd.,31-Oct-23,31,10,2023,47.8,50,17.9,345.2,105.8,97.7,59,61.1,22%,34.5,-31%,Profit
Ratnaveer Precision Engineering Ltd.,11-Sep-23,11,9,2023,165,98,133.1,135.2,54,94,123.2,129.3,32%,211.2,116%,Profit
Remus Pharmaceuticals Ltd.,29-May-23,29,5,2023,47.7,1229,10.8,229.3,49.8,57.2,1711.3,1796.8,46%,2489.8,710%,Profit
ResGen Ltd.,13-Mar-23,13,3,2023,28.2,47,1.1,3.9,3.9,2.5,49,46.6,-1%,165.4,252%,Loss
Retina Paints Ltd.,3-May-23,3,5,2023,11.1,30,0,6.2,10.4,8.3,29.1,30.5,2%,76,153%,Profit
Re Sealing & Packing Industries Ltd.,12-Jan-23,12,1,2023,8.1,135,0,2,3.3,2.6,137,143.8,7%,233.5,73%,Profit
Rishabh Instruments Ltd.,11-Sep-23,11,9,2023,490.8,441,72.5,31.3,8.4,31.6,460.1,443.1,1%,354.4,-20%,Profit
Rockingdeals Circular Economy Ltd.,30-Nov-23,30,11,2023,21,140,17.7,438.7,195.2,143,300,315,125%,596.4,326%,Profit
SBFC Finance Ltd.,16-Aug-23,16,8,2023,1025,57,192.9,49.1,11,70.2,82,92.2,62%,88.2,55%,Profit
SVJ Enterprises Ltd.,9-Mar-23,9,3,2023,6.1,36,0,2.1,0.9,1.5,38,36.1,0%,141.3,293%,Profit
SVS Ventures Ltd.,12-Jan-23,12,1,2023,11.2,20,0,0.5,2,1.3,20.5,21.5,8%,19.4,-3%,Profit
Saakshi Medtech & Panels Ltd.,3-Oct-23,3,10,2023,45.2,97,19.8,267.1,100.8,85.3,146,153.3,58%,248.8,156%,Profit
Sah Polymers Ltd.,12-Jan-23,12,1,2023,66.3,65,2.4,32.7,39.8,17.5,85,89.3,37%,82.3,27%,Profit
Sahara Maritime Ltd.,26-Dec-23,26,12,2023,6.9,81,0,8.6,34.5,21.6,81,81.2,0%,61.8,-24%,Profit
Sai Silks (Kalamandir) Ltd.,27-Sep-23,27,9,2023,1201,222,12.3,2.5,0.9,4.4,231,244.9,10%,181.5,-18%,Profit
Samhi Hotels Ltd.,22-Sep-23,22,9,2023,1370.1,126,8.8,1.2,1.1,5.3,134.5,143.4,14%,205.3,63%,Profit
Sancode Technologies Ltd.,18-Apr-23,18,4,2023,5.2,47,0,3.8,3.2,3.5,64,60.8,29%,68,45%,Profit
Sangani Hospitals Ltd.,17-Aug-23,17,8,2023,15.2,40,10.8,1.4,5.9,4.4,44,41.9,5%,41,3%,Profit
Saroja Pharma Industries India Ltd.,13-Sep-23,13,9,2023,9.1,84,0,2.9,14.1,8.5,65,68.3,-19%,58.4,-31%,Loss
Sealmatic India Ltd.,1-Mar-23,1,3,2023,56.2,225,8.7,39.1,12,13.5,225,236.3,5%,612.5,172%,Profit
Senco Gold Ltd.,14-Jul-23,14,7,2023,405,317,90.1,35,6.5,36.5,430,405.3,28%,1284.6,305%,Profit
Service Care Ltd.,26-Jul-23,26,7,2023,20.7,67,1,7.9,12.9,6.2,70.9,67.5,1%,80,19%,Profit
Shanti Spinte Ltd.,27-Dec-23,27,12,2023,31.3,70,14.3,42.6,22,25.5,76,79.8,14%,72.5,4%,Profit
Sharp Chucks And Machines Ltd.,12-Oct-23,12,10,2023,16.8,58,0,36.9,60.5,48.7,66,65,12%,129.1,123%,Profit
Sheetal Universal Ltd.,11-Dec-23,11,12,2023,23.8,70,0,201.9,123.2,162.5,75,75.4,8%,66.5,-5%,Profit
Shelter Pharma Ltd.,23-Aug-23,23,8,2023,16,42,0,6.4,21.2,13.8,40,42,0%,48.2,15%,Loss
Shera Energy Ltd.,17-Feb-23,17,2,2023,35.2,57,8.7,190.1,51.3,47.4,64.1,67.3,18%,176.1,209%,Profit
Shoora Designs Ltd.,29-Aug-23,29,8,2023,2,48,0,33.2,87.7,60.4,91.2,95.8,100%,71.3,49%,Profit
Shree OSFM E-Mobility Ltd.,21-Dec-23,21,12,2023,24.6,65,0,6.6,8.8,7.7,65,68.3,5%,163.1,151%,Profit
Shri Techte Ltd.,4-Aug-23,4,8,2023,45.1,61,30.9,333.4,207.5,138.1,81.2,85.2,40%,66,8%,Profit
Signatureglobal (India) Ltd.,27-Sep-23,27,9,2023,730,385,12.7,13.5,6.8,11.9,444,458.6,19%,1527.4,297%,Profit
Siyaram Recycling Industries Ltd.,21-Dec-23,21,12,2023,23,46,96.4,441.6,459.1,358.1,55,57.8,26%,118.5,158%,Profit
Sonalis Consumer Products Ltd.,19-Jun-23,19,6,2023,2.8,30,0,36.4,45.9,41.1,38,39.9,33%,82,173%,Profit
Sotac Pharmaceuticals Ltd.,13-Apr-23,13,4,2023,33.3,111,1,4,0.9,1.6,115,120.8,9%,150,35%,Profit
Spectrum Talent Management Ltd.,22-Jun-23,22,6,2023,105.1,173,2.1,33.6,16,11.7,155,147.3,-15%,121.5,-30%,Loss
Srivasavi Adhesive Tapes Ltd.,9-Mar-23,9,3,2023,15.5,41,0,7.1,8.3,7.7,40,42,2%,99,142%,Profit
Sunita Tools Ltd.,11-Oct-23,11,10,2023,22,145,0,5.2,20,12.6,155,147.3,2%,649.3,348%,Profit
Sunrest Lifescience Ltd.,20-Nov-23,20,11,2023,10.8,84,0,27.8,62.4,45.1,84,79.8,-5%,59.7,-29%,Loss
Supreme Power Equipment Ltd.,29-Dec-23,29,12,2023,46.7,65,0,159.3,161.2,160.3,98,102.9,58%,230.5,255%,Profit
Suraj Estate Developers Ltd.,26-Dec-23,26,12,2023,400,360,24.3,18.9,9.3,15.7,340,334.5,-7%,797.3,122%,Loss
Swashthik Plascon Ltd.,5-Dec-23,5,12,2023,40.8,86,3.4,26.7,13.6,14.4,120.1,126.1,47%,78.9,-8%,Profit
Systango Technologies Ltd,15-Mar-23,15,3,2023,34.8,90,14.1,230.4,66.6,65,98,102.9,14%,250,178%,Profit
TVS Supply Chain Solutions Ltd.,23-Aug-23,23,8,2023,880,197,1.4,2.4,7.6,2.8,207.1,201,2%,202.9,3%,Profit
Tata Technologies Ltd.,30-Nov-23,30,11,2023,3042.5,500,203.4,62.1,16.5,69.4,1200,1313,163%,1114.7,123%,Profit
Techknowgreen Solutions Ltd.,27-Sep-23,27,9,2023,16.7,86,0,9.7,15,12.4,87,91.3,6%,274.3,219%,Profit
Transteel Seating Technologies Ltd.,6-Nov-23,6,11,2023,50,70,4.6,111.5,35.9,31.6,88.9,93.3,33%,68.2,-3%,Profit
Transvoy Logistics India Ltd.,2-Feb-23,2,2,2023,5.1,71,0,200,168.4,184.2,71,74.5,5%,249.8,252%,Profit
Tridhya Tech Ltd.,13-Jul-23,13,7,2023,26.4,42,10,224.3,83.2,67.8,42,44.1,5%,32.9,-22%,Profit
Udayshivakumar Infra Ltd.,3-Apr-23,3,4,2023,66,35,42.9,64.1,14.9,32.5,30,31.5,-10%,58.8,68%,Loss
Unihealth Consultancy Ltd.,21-Sep-23,21,9,2023,56.5,132,7.9,50.4,32.7,23,135,133,1%,151.7,15%,Profit
Updater Services Ltd.,4-Oct-23,4,10,2023,640,300,4.5,0.8,1.4,2.9,285,283.9,-5%,383.6,28%,Loss
Urban Enviro Waste Management Ltd.,22-Jun-23,22,6,2023,11.4,100,0,275.8,209.5,242.7,141,148.1,48%,431,331%,Profit
Utkarsh Small Finance Bank Ltd.,21-Jul-23,21,7,2023,500,25,124.8,81.6,72.1,101.9,40,48,92%,46.9,87%,Profit
Valiant Laboratories Ltd.,6-Oct-23,6,10,2023,152.5,140,20.8,73.6,16.1,29.8,162.2,170.3,22%,119.8,-14%,Profit
Vasa Denticity Ltd.,2-Jun-23,2,6,2023,54.1,128,19.8,207.6,77,68,211,221.6,73%,560.1,338%,Profit
Verteplus Technologies Ltd.,15-Mar-23,15,3,2023,14.2,96,0.6,35.1,15.5,11,101,106,11%,130,35%,Profit
Viaz Tyres Ltd.,1-Mar-23,1,3,2023,20,62,0,5.3,6.2,5.8,68,68,10%,51.5,-17%,Profit
Vinsys IT Services India Ltd.,11-Aug-23,11,8,2023,49.8,128,14,101,106,59.3,207.3,217.6,70%,348,172%,Profit
Vinyas Innovative Technologies Ltd.,6-Oct-23,6,10,2023,54.7,165,22.7,126.8,28.3,40.3,330,346.5,110%,789.1,378%,Profit
Vishnu Prakash R Punglia Ltd.,5-Sep-23,5,9,2023,308.9,99,171.7,111,32,87.8,165,145.7,47%,231,133%,Profit
Vivaa Tradecom Ltd.,12-Oct-23,12,10,2023,8,51,0,0.8,2.7,1.8,40.8,42.5,-17%,47,-8%,Loss
Womancart Ltd.,27-Oct-23,27,10,2023,9.6,86,0,53.6,68.3,60.9,117,122.8,43%,290,237%,Profit
Yatharth Hospital & Trauma Care Services Ltd.,7-Aug-23,7,8,2023,686.5,300,85.1,37.2,8.3,36.2,306.1,333.9,11%,560,87%,Profit
Yatra Online Ltd.,28-Sep-23,28,9,2023,775,142,2,0.4,2.1,1.6,127.5,135.9,-4%,135.1,-5%,Loss
Zaggle Prepaid Ocean Services Ltd.,22-Sep-23,22,9,2023,563.4,164,16.7,8.8,5.9,12.6,164,158.3,-4%,443.3,170%,Loss
Zeal Global Services Ltd.,9-Aug-23,9,8,2023,36.5,103,0,4.2,3.6,3.9,147,154.3,50%,187,82%,Profit
ideaForge Technology Ltd.,7-Jul-23,7,7,2023,567,672,125.8,80.6,85.2,106,1300,1295,93%,707.4,5%,Profit
Elin Electronics Ltd.,30-Dec-22,30,12,2022,475,247,4.5,3.3,2.2,3.1,244,227.7,-8%,246.5,0%,Loss
Mosh Overseas Educon Ltd.,30-Dec-22,30,12,2022,10.4,153,0,93.1,107.6,100.4,131,127.8,-16%,145.6,-5%,Loss
KFIN Technologies Ltd.,29-Dec-22,29,12,2022,1500,366,4.2,0.2,1.4,2.6,367,363.9,-1%,1054.5,188%,Loss
Uma Converter Ltd.,29-Dec-22,29,12,2022,18.4,33,0,15.5,17.7,16.6,34.3,33.1,1%,39.6,20%,Profit
Arihant Academy Ltd.,29-Dec-22,29,12,2022,14.7,90,0,242.9,228.6,235.7,120.1,126.1,40%,180.4,100%,Profit
Dolle Agrotech Ltd.,28-Dec-22,28,12,2022,24.4,35,0,1.5,2.3,1.9,30,31.5,-10%,41.5,19%,Loss
Landmark Cars Ltd.,23-Dec-22,23,12,2022,552,506,8.7,1.3,0.6,3.1,471,458.4,-9%,615.9,22%,Loss
Droneacharya Aerial Innovations Ltd.,23-Dec-22,23,12,2022,34,54,46.2,287.8,330.8,243.7,102,107.1,98%,141.7,162%,Profit
Abans Holdings Ltd.,23-Dec-22,23,12,2022,345.6,270,4.1,1.5,0.4,1.1,273,218.4,-19%,364.1,35%,Loss
Sula Vineyards Ltd.,22-Dec-22,22,12,2022,960.4,357,4.1,1.5,1.6,2.3,361,331.2,-7%,484.1,36%,Loss
All E Technologies Ltd.,21-Dec-22,21,12,2022,48.2,90,13.5,237.1,132.5,88.7,125,131.3,46%,442.8,392%,Profit
Arham Technologies Ltd.,15-Dec-22,15,12,2022,9.6,42,0,467.9,442.8,417.6,60,63,50%,139.9,233%,Profit
Uniparts India Ltd.,12-Dec-22,12,12,2022,835.6,577,67.1,17.9,4.6,25.3,575,539.6,-7%,485.9,-16%,Loss
Dharmajop Guard Ltd.,8-Dec-22,8,12,2022,251.2,237,48.2,52.3,21.5,35.5,266.1,266.3,12%,329.6,39%,Profit
AMBO Agritec Ltd.,2-Dec-22,2,12,2022,10.2,30,0,323.5,350,336.8,40.1,42.1,40%,102.6,242%,Profit
Keystone Realtors Ltd.,24-Nov-22,24,11,2022,635,541,3.8,3,0.5,2,555,556.9,3%,725.1,34%,Profit
Ino Green Energy Services Ltd.,23-Nov-22,23,11,2022,740,65,1.1,0.5,4.7,1.6,60,59.1,-9%,212.8,227%,Loss
Archean Chemical Industries Ltd.,21-Nov-22,21,11,2022,1462.3,407,48.9,14.9,9.9,32.2,450,458.1,13%,695.6,71%,Profit
Anuroop Packaging Ltd.,21-Nov-22,21,11,2022,2.6,13,0,3.8,7,5.4,13.3,13.9,7%,34.8,168%,Profit
Five Star Business Finance Ltd.,21-Nov-22,21,11,2022,1960,474,1.8,0.6,0.1,0.7,468.8,490,3%,806.4,70%,Profit
Bikaji Foods International Ltd.,16-Nov-22,16,11,2022,881.2,300,80.6,7.1,4.8,26.7,322.8,317.4,6%,953.3,218%,Profit
Technopack Polymers Ltd.,16-Nov-22,16,11,2022,7.9,55,0,19.8,19.8,19.8,74,77.7,41%,56.6,3%,Profit
Global Health Ltd.,16-Nov-22,16,11,2022,2205.6,336,28.6,4,0.9,9.6,401,415.3,24%,1112.2,231%,Profit
Amiable Logistics Ltd.,16-Nov-22,16,11,2022,4.4,81,0,186,281.7,233.8,129.9,136.4,68%,86.1,6%,Profit
Fusion Micro Finance Ltd.,15-Nov-22,15,11,2022,1104,368,8.6,1.4,0.5,3,359.5,324.8,-12%,306.6,-17%,Loss
Vital Chemtech Ltd.,14-Nov-22,14,11,2022,64.6,101,15.5,204.1,117,79.3,164,163.1,62%,75.7,-25%,Profit
DAPS Advertising Ltd.,14-Nov-22,14,11,2022,5.1,30,0,83.2,48.5,65.8,57,55.1,84%,30,0%,Profit
DC Systems Ltd.,11-Nov-22,11,11,2022,500,207,84.3,44,61.7,69.8,287,308.4,49%,345.9,67%,Profit
Integrated Personnel Services Ltd.,11-Nov-22,11,11,2022,12.7,59,0,14.7,24.5,19.6,66.5,69.8,18%,225.1,281%,Profit
Phantom Digital Effects Ltd.,21-Oct-22,21,10,2022,29.1,95,14.8,554.8,207,164.2,300,312.7,229%,365.1,284%,Profit
Tracn Technologies Ltd.,20-Oct-22,20,10,2022,309.4,80,1.7,0.8,4.9,2,84.5,93.3,17%,92.5,16%,Profit
Electronics Mart India Ltd.,17-Oct-22,17,10,2022,500,59,169.5,63.6,19.7,71.9,90,84.5,43%,209.5,255%,Profit
Frog Cellsat Ltd.,13-Oct-22,13,10,2022,41.6,102,5.4,70.9,22.1,21.1,177,185.8,82%,306.4,200%,Profit
Vedant Asset Ltd.,13-Oct-22,13,10,2022,3,40,0,43,55.2,48.6,71.7,64.8,62%,108.2,171%,Profit
QMS Medical Allied Services Ltd.,11-Oct-22,11,10,2022,56.9,121,0,1.3,0.5,0.9,128,134.4,11%,133.9,11%,Profit
Lloyds Luuries Ltd.,11-Oct-22,11,10,2022,24,40,0,11.6,1.8,6.7,45.1,42.9,7%,93.5,134%,Profit
Steelman Telecom Ltd.,10-Oct-22,10,10,2022,26,96,7.8,70.1,22.8,22.4,161,169.1,76%,158,65%,Profit
Trident Lifeline Ltd.,10-Oct-22,10,10,2022,35.3,101,0,1.7,1,1.3,105,108.2,7%,319.6,216%,Profit
Cargotrans Maritime Ltd.,10-Oct-22,10,10,2022,4.9,45,0,129.6,166.6,148.1,70,73.5,63%,75.9,69%,Profit
Silicon Rental Solutions Ltd.,10-Oct-22,10,10,2022,21.1,78,0,2.9,2.9,2.9,80,84,8%,208.8,168%,Profit
Cargosol Logistics Ltd.,10-Oct-22,10,10,2022,7.6,28,0,84.6,26,55.3,42.4,44.5,59%,33.3,19%,Profit
Mafia Trends Ltd.,6-Oct-22,6,10,2022,3.6,28,0,3.9,6,4.9,32.6,31.1,11%,22.3,-20%,Profit
Maks Energy Solutions India Ltd.,28-Sep-22,28,9,2022,4,20,0,36.2,16.4,26.3,20,21,5%,49,145%,Profit
Kandarp Digi Smart BPO Ltd.,28-Sep-22,28,9,2022,8.1,30,0,0.9,2.8,1.8,30,28.5,-5%,48.1,61%,Loss
Harsha Engineers International Ltd.,26-Sep-22,26,9,2022,755,330,178.3,71.3,17.6,74.7,450,486.5,47%,506.9,54%,Profit
Tapi Fruit Processing Ltd.,22-Sep-22,22,9,2022,5.2,48,0,1.9,3.3,2.6,52.1,54.7,14%,112.5,135%,Profit
Sabar Fle India Ltd.,21-Sep-22,21,9,2022,4.5,11,0,116.5,54.3,85.4,21,22.1,101%,20.3,84%,Profit
Mega Fle Plastics Ltd.,19-Sep-22,19,9,2022,11.4,40,0,52.8,39,45.9,54,56.7,42%,51.5,29%,Profit
Shantidoot Infra Services Ltd.,19-Sep-22,19,9,2022,4,81,0,2.4,3.3,2.9,105,110.3,36%,270.2,234%,Profit
Tamilnad Mercantile Bank Ltd.,15-Sep-22,15,9,2022,831.6,525,1.6,2.9,6.5,2.9,495,509.6,-3%,480.9,-8%,Loss
EP Biocomposites Ltd.,13-Sep-22,13,9,2022,6.3,126,0,21.6,15.4,18.5,160.3,168.3,34%,166,32%,Profit
JFL Life Sciences Ltd.,8-Sep-22,8,9,2022,18.2,61,0,6.2,11.7,8.9,70,66.5,9%,66,8%,Profit
Ameya Precision Engineers Ltd.,8-Sep-22,8,9,2022,7.1,34,0,259.2,243.5,251.3,68.4,65.4,92%,105.5,210%,Profit
Dreamfolks Services Ltd.,6-Sep-22,6,9,2022,562.1,326,70.5,37.7,43.6,56.7,508.7,462.4,42%,501.2,54%,Profit
Syrma SGS Technology Ltd.,26-Aug-22,26,8,2022,840,220,87.6,17.5,5.5,32.6,260,310.5,41%,443.1,101%,Profit
Upsurge Seeds of Agriculture Ltd.,11-Aug-22,11,8,2022,22.8,120,0,101.7,59.3,80.5,140,147,23%,260,117%,Profit
Agni Green Power Ltd,1-Aug-22,1,8,2022,5.3,10,0,107.4,39.9,73.7,25,26.3,163%,43,330%,Profit
SKP Bearing Industries Ltd.,13-Jul-22,13,7,2022,30.8,70,0,10.2,9.9,10.1,73,72.5,4%,218.3,212%,Profit
Jayant Infratech Ltd.,13-Jul-22,13,7,2022,6.2,67,0,4.2,3.8,4,76,79.8,19%,118.1,429%,Profit
B-Right Realestate Ltd.,13-Jul-22,13,7,2022,44.4,153,0,1.8,0.6,1.2,155,147.3,-4%,230,50%,Loss
Mangalam Worldwide Ltd.,12-Jul-22,12,7,2022,65.6,101,0,2.2,0.5,1.3,150,151.7,50%,129,28%,Profit
Sailani Tours N Travels Ltd.,8-Jul-22,8,7,2022,1.9,15,0,1.9,4.6,3.2,15.5,16.3,9%,25.5,70%,Profit
Pearl Green Clubs and Resorts Ltd.,7-Jul-22,7,7,2022,11.7,186,0,1.8,1.4,1.6,189.1,198.5,7%,180,-3%,Profit
Modi's Navnirman Ltd.,6-Jul-22,6,7,2022,22.7,180,0,2.8,1.2,2,189,188.9,5%,283,529%,Profit
Goel Food Products Ltd.,28-Jun-22,28,6,2022,7.2,72,0,1.2,2.1,1.6,75,78.8,9%,53.1,269%,Profit
Scarnose International Ltd.,27-Jun-22,27,6,2022,6.6,55,0,2.1,2.3,2.2,55.5,56,2%,77.9,42%,Profit
Fidel Softech Ltd.,10-Jun-22,10,6,2022,13.5,37,0,138.3,67.4,102.9,59.1,62,68%,132.9,259%,Profit
Aether Industries Ltd.,3-Jun-22,3,6,2022,808,642,17.6,2.5,1.1,6.3,704,774.4,21%,969.6,51%,Profit
Globesecure Technologies Ltd.,2-Jun-22,2,6,2022,10.1,29,0,23.7,4.6,14.2,36.5,37.1,28%,43.7,51%,Profit
eMudhra Ltd.,1-Jun-22,1,6,2022,412.8,256,4,1.3,2.6,2.7,270,257.9,1%,855.5,234%,Profit
Ethos Ltd.,30-May-22,30,5,2022,472.3,878,1.1,1.5,0.8,1,825,803.1,-9%,3289.7,275%,Loss
Paradeep Phosphates Ltd.,27-May-22,27,5,2022,1501.7,42,3,0.8,1.4,1.8,44,43.9,5%,82.5,97%,Profit
Delhivery Ltd.,24-May-22,24,5,2022,5235,487,2.7,0.3,0.6,1.6,495.2,536.4,10%,431.9,-11%,Profit
Prudent Corporate Advisory Services Ltd.,20-May-22,20,5,2022,538.6,630,1.3,1,1.3,1.2,650,561.8,-11%,2316.8,268%,Loss
Life Insurance Corporation,17-May-22,17,5,2022,21000,949,2.8,2.9,2,3,872,875.3,-8%,1010.4,7%,Loss
Sonu Infratech Ltd.,17-May-22,17,5,2022,8.6,36,0,13.4,19.6,16.5,36,37.6,4%,57.2,59%,Profit
Rainbow Childrens Medicare Pvt.Ltd.,10-May-22,10,5,2022,1580.8,542,38.9,3.7,1.4,12.4,510,450.1,-17%,1379.4,155%,Loss
Campus Activewear Ltd.,9-May-22,9,5,2022,1400.1,292,152,22.3,7.7,51.8,360,378.6,30%,357.4,22%,Profit
Le Merite Eports Ltd.,9-May-22,9,5,2022,48,74.99,0,2.9,9.9,6.4,75,78.8,5%,207.7,177%,Profit
Fone4 Communications (India) Ltd.,6-May-22,6,5,2022,6.8,10,0,7.4,22.1,14.8,10,9.5,-5%,7.6,-24%,Loss
Nanavati Ventures Ltd.,6-May-22,6,5,2022,2.2,50.02,0,13.9,51.2,32.5,50,50.3,1%,53.9,8%,Profit
Hariom Pipe Industries Ltd.,13-Apr-22,13,4,2022,130.1,153,1.9,8.9,12.2,7.9,214,224.7,47%,764.4,400%,Profit
Eighty Jewellers Ltd.,13-Apr-22,13,4,2022,11.1,41,0,2.9,2,2.5,42,44.1,8%,52.8,29%,Profit
Uma Eports Ltd.,7-Apr-22,7,4,2022,60,68,2.8,2.2,10.1,7.7,80,84,24%,133.2,96%,Profit
Veranda Learning Solutions Ltd.,7-Apr-22,7,4,2022,200,137,2,3.9,10.8,3.5,171,160.4,17%,325.8,138%,Profit
Shashwat Furnishing Solutions Ltd.,5-Apr-22,5,4,2022,2.5,44.99,0,2.4,6.8,4.6,45,45.3,1%,44,-2%,Profit
P E Analytics Ltd.,4-Apr-22,4,4,2022,31.6,114,13.2,126.4,59.2,46.3,170,168.5,48%,280,146%,Profit
Achyut Healthcare Ltd.,30-Mar-22,30,3,2022,3.6,20,0,1.9,6.8,4.3,20.1,21.1,6%,51,283%,Profit
KN Agri Resources Ltd.,28-Mar-22,28,3,2022,49.4,75,10.7,771.6,87.5,151.9,153.7,146,95%,271.3,262%,Profit
Bhatia Colour Chem Ltd.,24-Mar-22,24,3,2022,40,80,0,2.7,0.2,1.4,40,42,-48%,89,11%,Loss
SP Refractories Ltd.,22-Mar-22,22,3,2022,4.9,90,0,5.6,8.8,7.2,90.2,90.1,0%,193,114%,Profit
Shigan Quantum Technologies Ltd.,11-Mar-22,11,3,2022,22.7,50,0,27.7,8.2,17.9,61,64,28%,116,132%,Profit
Ekennis Software Service Ltd.,7-Mar-22,7,3,2022,2.9,72,0,37,19,28,80,84,17%,98.3,37%,Profit
Vaidya Sane Ayurved Laboratories Ltd.,23-Feb-22,23,2,2022,20.2,73,0,2.7,3,2.8,102,105.4,44%,149.8,105%,Profit
Vedant Fashions Ltd.,16-Feb-22,16,2,2022,3149.2,866,7.5,1.1,0.4,2.6,950,934.9,8%,1292.3,49%,Profit
Maruti Interior Products Ltd.,16-Feb-22,16,2,2022,11,55,0,107,39.8,73.4,68.5,71.9,31%,74.1,169%,Profit
Safa Systems & Technologies Ltd.,9-Feb-22,9,2,2022,4,10,0,64.6,40.8,52.7,16.6,15.7,57%,11.5,15%,Profit
Quality RO Industries Ltd.,9-Feb-22,9,2,2022,2.7,51,0,4.5,10.1,7.3,52.3,53.7,5%,227.4,346%,Profit
Adani Wilmar Ltd.,8-Feb-22,8,2,2022,3600,230,5.7,56.3,3.9,17.4,274,265.2,15%,346.2,51%,Profit
Alkosign Ltd.,1-Feb-22,1,2,2022,12.2,45,0,3.1,6.4,4.8,45.3,45.3,1%,123.8,175%,Profit
Precision Metaliks Ltd.,1-Feb-22,1,2,2022,21.9,51,0,2.8,11.9,7.4,75,71.3,40%,62.7,23%,Profit
Fabino Life Sciences Ltd.,13-Jan-22,13,1,2022,3.2,36,0,3.5,10.4,6.9,39.5,40.4,12%,28,-22%,Profit
Timescan Logistics (India) Ltd.,12-Jan-22,12,1,2022,4.8,51,0,141.4,90.3,115.9,82,86.1,69%,77.7,205%,Profit
Ascensive Educare Ltd.,12-Jan-22,12,1,2022,2.3,26,0,1.2,4.1,2.7,31.6,28.9,11%,98.4,279%,Profit
CMS Info Systems Ltd.,31-Dec-21,31,12,2021,1100,216,2,1.4,2.1,1.9,242.9,237.4,10%,577,167%,Profit
Vivo Collaboration Solutions Ltd.,31-Dec-21,31,12,2021,4.4,82,0,292.9,273.1,283,355.1,337.4,311%,72,-12%,Profit
Wherrelz IT Solutions Ltd.,29-Dec-21,29,12,2021,2,171,0,1.6,2.9,2.3,179.9,177.2,4%,200.1,17%,Profit
Clara Industries Ltd.,29-Dec-21,29,12,2021,3,43,0,1.5,1.6,1.5,45.7,44,2%,31,261%,Profit
Supriya Lifescience Ltd.,28-Dec-21,28,12,2021,700,274,31.8,161.2,56,71.5,425,390.4,43%,631,130%,Profit
Data Patterns (India) Ltd.,24-Dec-21,24,12,2021,588.2,585,190.9,254.2,23.1,119.6,864,754.9,29%,2530.3,333%,Profit
Euro Panel Products Ltd.,24-Dec-21,24,12,2021,45.5,70,0,1.7,1.9,1.8,70,71.4,2%,200,186%,Profit
Nupur Recyclers Ltd.,24-Dec-21,24,12,2021,34.2,60,0,53.1,34.2,43.7,74,77.7,30%,113.2,523%,Profit
Medplus Health Services Ltd.,23-Dec-21,23,12,2021,1398.3,796,111.9,85.3,5.2,52.6,1040,1121.2,41%,667.6,-16%,Profit
Metro Brands Ltd.,22-Dec-21,22,12,2021,1367.5,500,8.5,3,1.1,3.6,436,317.6,-37%,1246.5,149%,Loss
C.E. Info Systems Ltd.,21-Dec-21,21,12,2021,1039.6,1033,196.4,424.7,15.2,154.7,1581,1394.5,35%,2069.8,100%,Profit
Shriram Properties Ltd.,20-Dec-21,20,12,2021,600,118,1.9,4.8,12.7,4.6,94,99.4,-16%,132.4,12%,Loss
Rategain Travel Technologies Ltd.,17-Dec-21,17,12,2021,1335.7,425,8.4,42,8.1,17.4,364.8,340.5,-20%,755.1,78%,Loss
Tega Industries Ltd.,13-Dec-21,13,12,2021,619.2,453,215.4,666.2,29.4,219,753,725.5,60%,1860.5,311%,Profit
Go Fashion (India) Ltd.,30-Nov-21,30,11,2021,1013.6,690,100.7,262.1,49.7,135.5,1310,1253.7,82%,1297.5,88%,Profit
Tarsons Products Ltd.,26-Nov-21,26,11,2021,1023.5,662,115.8,184.6,10.6,77.5,700,840,27%,479.6,-28%,Profit
Latent View Analytics Ltd.,23-Nov-21,23,11,2021,600,197,145.5,850.7,119.4,326.5,530,488.6,148%,477.4,142%,Profit
Suyog Gurbaani Funicular Ropeways Ltd.,16-Nov-21,16,11,2021,29.5,45,0,2,0.6,1.3,45.1,45.1,0%,177.6,295%,Profit
SJS Enterprises Ltd.,15-Nov-21,15,11,2021,800,542,1.4,2.3,1.4,1.6,514,509.9,-6%,1004.5,85%,Loss
PB Fintech Ltd.,15-Nov-21,15,11,2021,5625,980,24.9,7.8,3.3,16.6,1444,1202.9,23%,1931.5,97%,Profit
FINO Payments Bank Ltd.,12-Nov-21,12,11,2021,1200.3,577,1.6,0.2,5.9,2,548,545.3,-6%,398.6,-31%,Loss
Destiny Logistics & Infra Ltd.,13-Oct-21,13,10,2021,5.4,20,0,2.1,7.4,4.8,20.7,19.7,-2%,98.2,391%,Loss
Samor Reality Ltd.,13-Oct-21,13,10,2021,8.1,62,0,2.5,0.9,1.7,62.6,62.5,1%,81.8,32%,Profit
Adishakti Loha and Ispat Ltd.,13-Oct-21,13,10,2021,2,11,0,2.9,1.8,0.8,6.4,11.4,4%,11.2,2%,Profit
Bombay Metrics Supply Chain Ltd.,12-Oct-21,12,10,2021,4.3,93,0,16.3,20.7,18.5,98.3,103.2,11%,143,54%,Profit
Aditya Birla Sun Life AMC Ltd.,11-Oct-21,11,10,2021,2768.3,712,10.4,4.4,3.2,5.3,697.5,699.6,-2%,761.2,7%,Loss
Shri Venkatesh Refineries Ltd.,11-Oct-21,11,10,2021,11.7,40,0,2.4,3.8,3.1,43.9,42.1,5%,137,585%,Profit
Jainam Ferro Alloys (I) Ltd.,8-Oct-21,8,10,2021,19.6,70,0,6.2,7.1,6.7,73,73.1,4%,148.2,112%,Profit
Markolines Traffic Controls Ltd.,27-Sep-21,27,9,2021,40,78,0,2.8,1.6,2.2,62.2,65.3,-16%,222.2,185%,Loss
Sansera Engineering Ltd.,24-Sep-21,24,9,2021,1283,744,26.5,11.4,3.1,11.5,845,818.7,10%,1666.8,124%,Profit
PlatinumOne Business Services Ltd.,16-Sep-21,16,9,2021,3.9,92,0,3.3,2.6,3,110,104.9,14%,221,140%,Profit
Naapbooks Ltd.,15-Sep-21,15,9,2021,4,74,4,0.6,2.5,1.6,73.9,74,0%,62.6,154%,Profit
Vijaya Diagnostic Centre Ltd.,14-Sep-21,14,9,2021,1895,531,13.1,1.3,1.1,4.5,542.3,619.3,17%,896.8,69%,Profit
Ami Organics Ltd.,14-Sep-21,14,9,2021,569.6,610,86.6,154.8,13.4,64.5,902,934.5,53%,1631.3,167%,Profit
Aptus Value Housing Finance India Ltd.,6-Sep-21,6,9,2021,2780.1,353,32.4,33.9,1.4,17.2,360,346.5,-2%,361.2,2%,Loss
Aashka Hospitals Ltd.,1-Sep-21,1,9,2021,101.6,121,0,2,0.8,1.3,76.5,115,-5%,105.8,-13%,Loss
Dudigital Global Ltd.,26-Aug-21,26,8,2021,4.5,65,0,6.7,39.3,23,60,63,-3%,67.6,1980%,Loss
Chemplast Sanmar Ltd.,24-Aug-21,24,8,2021,3850,541,2.7,1,2.3,2.2,570,534.9,-1%,516.8,-5%,Loss
Windlas Biotech Ltd.,17-Aug-21,17,8,2021,401.5,460,24.4,15.7,24.2,22.4,439,406.7,-12%,879.5,91%,Loss
Devyani International Ltd.,16-Aug-21,16,8,2021,1838,90,95.3,213.1,39.5,116.7,141,123.3,37%,209.9,133%,Profit
Krsnaa Diagnostics Ltd.,16-Aug-21,16,8,2021,1213.3,954,49.8,116.3,42,64.4,1025,990.8,4%,871,-9%,Profit
Re Pipes and Cables Industries Ltd.,10-Aug-21,10,8,2021,6.2,26,0,6.8,41.1,24,26.7,26.8,3%,87.5,237%,Profit
Role Rings Ltd.,9-Aug-21,9,8,2021,731,900,143.6,360.1,24.5,130.4,1249,1166.5,30%,2448.2,172%,Profit
Grete Corporate Services Ltd.,9-Aug-21,9,8,2021,5.1,170,0,2.4,12.2,7.3,177,180.6,6%,535,2732%,Profit
Glenmark Life Sciences Ltd.,6-Aug-21,6,8,2021,1513.6,720,37,122.5,14.6,44.2,752,748.2,4%,1151.8,60%,Profit
Tatva Chintan Pharma Chem Ltd.,29-Jul-21,29,7,2021,500,1083,185.2,512.2,35.4,180.4,2111.8,2310.3,113%,987.1,-9%,Profit
Zomato Ltd.,23-Jul-21,23,7,2021,9375,76,51.8,33,7.5,38.3,115,125.8,66%,290.5,282%,Profit
AA Plus Tradelink Ltd.,22-Jul-21,22,7,2021,6.5,18,0,0.3,2.6,1.5,16.6,17.5,-3%,21.7,21%,Loss
G R Infraprojects Ltd.,19-Jul-21,19,7,2021,963.3,837,168.6,238,12.6,102.6,1700,1746.8,109%,1669.4,100%,Profit
Clean Science and Technology Ltd.,19-Jul-21,19,7,2021,1546.6,900,156.4,206.4,9,93.4,1784.4,1585.2,76%,1548.1,72%,Profit
Focus Business Solution Ltd.,13-Jul-21,13,7,2021,1.2,19,0,3.2,10.1,6.7,29.4,27.9,47%,95,800%,Profit
Walpar Nutritions Ltd.,13-Jul-21,13,7,2021,6.6,55,0,1,17.9,9.5,60,57,4%,49.8,81%,Profit
India Pesticides Ltd.,5-Jul-21,5,7,2021,800,296,43,51.9,11.3,29,360,343.1,16%,210.8,-29%,Profit
Times Green Energy (India) Ltd.,30-Jun-21,30,6,2021,4,61,0,0.8,5,2.9,61.4,61.6,1%,85.8,41%,Profit
Dodla Dairy Ltd.,28-Jun-21,28,6,2021,520.2,428,84.9,73.3,11.3,45.6,550,609.1,42%,1207.5,182%,Profit
Adeshwar Medite Ltd.,28-Jun-21,28,6,2021,9.8,25,0,1.5,2.2,1.9,25.3,25.1,1%,26,4%,Profit
Sona BLW Precision Forgings Ltd.,24-Jun-21,24,6,2021,5550,291,3.5,0.4,1.6,2.3,302.4,362.9,25%,748.4,157%,Profit
Shyam Metalics and Energy Ltd.,24-Jun-21,24,6,2021,909,306,155.7,340,11.6,121.4,380,375.9,23%,920.1,201%,Profit
Abhishek Integrations Ltd.,21-Jun-21,21,6,2021,5,50,0,0.5,20.5,10.5,40,38,-24%,95,90%,Loss
Kuberan Global Edu Solutions Ltd.,5-May-21,5,5,2021,1.1,20,0,1.4,5.2,3.3,21,22.1,10%,15.3,-24%,Profit
Macrotech Developers Ltd.,19-Apr-21,19,4,2021,2500,486,3,1.4,0.4,1.4,439,463.1,-5%,1395.8,474%,Loss
Barbeque-Nation Hospitality Ltd.,7-Apr-21,7,4,2021,452.9,500,5.1,3.1,13.1,6,492,590.4,18%,630.1,26%,Profit
Siddhika Coatings Ltd.,7-Apr-21,7,4,2021,4.7,57,0,2.3,2.9,2.6,55,57,0%,130.2,357%,Loss
EKI Energy Services Ltd.,7-Apr-21,7,4,2021,18.6,102,1,10.3,3.1,4,140,147,44%,316.3,210%,Profit
Niks Technology Ltd.,31-Mar-21,31,3,2021,2,201,0,1,7.2,4.1,202.1,203,1%,571,184%,Profit
Nazara Technologies Ltd.,30-Mar-21,30,3,2021,582.9,1101,103.8,389.9,75.3,175.5,1971,1576.8,43%,1036.6,88%,Profit
Craftsman Automation Ltd.,25-Mar-21,25,3,2021,823.7,1490,5.2,2.8,3.4,3.8,1440,1433,-4%,6377.9,328%,Loss
Lami Organic Industries Ltd.,25-Mar-21,25,3,2021,600,130,175.4,217.6,20.1,106.8,173,164.6,27%,288.9,122%,Profit
Anupam Rasayan India Ltd.,24-Mar-21,24,3,2021,760,555,65.7,97.4,10.8,44.1,534.7,525.9,-5%,747.9,35%,Loss
MTAR Technologies Ltd.,15-Mar-21,15,3,2021,596,575,165,650.8,28.4,200.8,990,1082.3,88%,1739.9,203%,Profit
Heranba Industries Ltd.,9-Mar-21,9,3,2021,625,627,67.5,271.1,11.8,83.3,900,812.3,30%,491.4,-22%,Profit
Pavna Industries Ltd.,9-Mar-21,9,3,2021,29.7,165,0,-,-,-,165.6,165.5,0%,428.4,160%,Profit
Partyuisers Ltd.,5-Mar-21,5,3,2021,7.8,51,0,0.3,2.3,1.3,54,51.3,1%,114,347%,Profit
Nureca Ltd.,26-Feb-21,26,2,2021,100,400,3.1,31.6,166.7,39.9,635,666.6,67%,370.4,-7%,Profit
MRP Agro Ltd.,18-Feb-21,18,2,2021,3.2,40,0,2.7,4.2,3.2,39.8,37.8,-6%,120.8,806%,Loss
Brookfield India Real Estate Trust,17-Feb-21,17,2,2021,3800,275,4.8,11.5,-,7.9,281.7,268.9,-2%,281.1,2%,Loss
Stove Kraft Ltd.,5-Feb-21,5,2,2021,413,385,8,32.7,26,18,498,445.9,16%,933.3,142%,Profit
Home First Finance Company India Ltd.,3-Feb-21,3,2,2021,1153.7,518,52.5,39,6.6,26.7,612.1,527.4,2%,1268.5,145%,Profit
Indigo Paints Ltd.,2-Feb-21,2,2,2021,1176,1490,189.6,263.1,15.9,117,2607.5,3118.7,109%,1481.3,-1%,Profit
Antony Waste Handling Cell Ltd.,1-Jan-21,1,1,2021,300,315,9.7,18.7,16.6,15,430,407.3,29%,697.5,121%,Profit
Burger King India Ltd.,14-Dec-20,14,12,2020,810,60,86.6,354.1,68.2,156.7,115.3,138.4,131%,107.8,80%,Profit
Net Pi Shorts Digital Media Ltd.,2-Dec-20,2,12,2020,2.7,30,0,1.7,1.9,1.8,30.1,30.1,0%,33,10%,Profit
Gland Pharma Ltd.,20-Nov-20,20,11,2020,6479.6,1500,6.4,0.5,0.2,2.1,1710,1820.5,21%,1800.5,20%,Profit
Equitas Small Finance Bank Ltd.,2-Nov-20,2,11,2020,517.6,33,3.9,0.2,2.1,1.9,31,32.8,-1%,81.5,147%,Loss
Likhitha Infrastructure Ltd.,15-Oct-20,15,10,2020,61.2,120,22,1.5,23.7,9.5,130,136.5,14%,387.8,546%,Profit
G M Polyplast Ltd.,14-Oct-20,14,10,2020,8.1,159,0,2.1,1.1,1.6,160,167.5,5%,171.4,655%,Profit
AAA Technologies Ltd.,13-Oct-20,13,10,2020,10.2,42,0,2.5,2.3,2.4,44.5,43.6,4%,141.7,237%,Profit
UTI Asset Management Company Ltd.,12-Oct-20,12,10,2020,2159.9,554,3.3,0.9,2.3,2.3,476.2,476.6,-14%,1281.5,131%,Loss
Atam Valves Ltd.,6-Oct-20,6,10,2020,4.5,40,0,2.5,3.4,2.9,40,39,-2%,153.1,665%,Loss
Computer Age Management Services Ltd.,1-Oct-20,1,10,2020,2244.3,1230,73.2,111.8,5.5,47,1535,1401.6,14%,4459.6,263%,Profit
Chemcon Speciality Chemicals Ltd.,1-Oct-20,1,10,2020,318,340,113.5,449.1,41.1,149.3,731,584.8,72%,277.1,-19%,Profit
Route Mobile Ltd.,21-Sep-20,21,9,2020,600,350,89.8,192.8,12.7,73.3,708,651.1,86%,1598.6,357%,Profit
Happiest Minds Technologies Ltd.,17-Sep-20,17,9,2020,702,166,77.4,351.5,70.9,151,351,371,124%,800,382%,Profit
Mindspace Business Parks REIT,12-Aug-20,12,8,2020,4500,275,0,10.6,15.5,13,302,303.7,10%,348.8,27%,Profit
Rossari Biotech Ltd.,23-Jul-20,23,7,2020,496.3,425,85.3,239.8,7.2,79.4,670,742.4,75%,912.9,115%,Profit
Bonlon Industries Ltd.,11-Jul-20,11,7,2020,10.5,28,0,2.5,0.2,1.4,21,21.5,-23%,32.5,16%,Loss
Billwin Industries Ltd.,30-Jun-20,30,6,2020,2.5,37,0,2.1,0.6,1.4,36.9,37.1,0%,52.1,41%,Profit
SM Auto Stamping Ltd.,16-Mar-20,16,3,2020,6.9,18,0,2.2,0.5,1.3,18,18,0%,50.8,182%,Profit
SBI Cards and Payment Services Ltd.,16-Mar-20,16,3,2020,10354.8,755,57.2,45.2,2.5,26.5,658,683.2,-10%,787,4%,Loss
Chandra Bhagat Pharma Ltd.,14-Feb-20,14,2,2020,10.2,51,0,1.9,1.4,1.6,51.7,51.8,2%,73,43%,Profit
ICL Organic Dairy Products Ltd.,14-Feb-20,14,2,2020,4.1,20,0,3.6,2.6,3.1,20.8,21.8,9%,39.7,99%,Profit
Hindprakash Industries Ltd.,27-Jan-20,27,1,2020,11.5,40,0,3,1.4,2.2,40.7,41.3,3%,145.8,264%,Profit
Gian Life Care Ltd.,13-Jan-20,13,1,2020,3.1,22,0,1.9,0.8,1.3,22,22,0%,22.1,1%,Profit
Valencia Nutrition Ltd.,6-Jan-20,6,1,2020,7.2,46,0,2.5,0.6,1.6,46.5,47,2%,61.9,35%,Profit
AB Infrabuild Ltd.,11-Jul-19,11,7,2019,12.8,29,0,1.2,0.7,1,29,29.1,1%,85.1,193%,Profit
Aartech Solonics Ltd.,27-Mar-19,27,3,2019,7.2,34,0,2.4,1.6,2,34,23.1,-32%,73.2,868%,Loss
Affle (India) Ltd.,8-Aug-19,8,8,2019,459,745,55.3,198.7,10.9,86.5,929.9,873.6,17%,1553.3,109%,Profit
Alphalogic Techsys Ltd.,6-Sep-19,6,9,2019,6.2,84,0,2,0.5,1.2,83,84.3,0%,165.3,3665%,Profit
Anand Rayons Ltd.,2-Jul-19,2,7,2019,12.7,27,0,1.9,0.5,1.2,28.3,27.2,1%,51.8,92%,Profit
Anmol India Ltd.,21-Feb-19,21,2,2019,10.2,33,0,1.6,1.6,1.6,33.6,34.1,4%,30.4,360%,Profit
Ascom Leasing & Investments Ltd.,6-Dec-19,6,12,2019,6.3,30,0,1.9,1,1.5,30.3,30.3,1%,123.8,519%,Profit
CSB Bank Ltd.,4-Dec-19,4,12,2019,409.7,195,62.2,164.7,44.5,86.9,275,300.1,54%,323.9,66%,Profit
Chalet Hotels Ltd.,7-Feb-19,7,2,2019,1641.2,280,4.7,1.1,0,1.6,291,290.4,4%,887,217%,Profit
Embassy Office Parks REIT,1-Apr-19,1,4,2019,4750,300,2.1,3.1,-,2.6,300,314.1,5%,385.2,28%,Profit
Gleam Fabmat Ltd.,5-Mar-19,5,3,2019,3.1,10,0,2.7,0.8,1.8,9,8.6,-15%,7.2,-28%,Loss
IndiaMART InterMESH Ltd.,4-Jul-19,4,7,2019,475.6,973,30.8,62.1,14.1,36.2,1180,1302.5,34%,3055.1,528%,Profit
Indian Railway Catering & Tourism Corporation Ltd.,14-Oct-19,14,10,2019,645.1,320,108.8,354.5,14.8,111.9,644,728.6,128%,894.3,179%,Profit
Jonjua Overseas Ltd.,25-Feb-19,25,2,2019,1.3,10,0,0.8,0.1,0.5,12,9.4,-6%,13.3,122%,Loss
KHFM Hospitality & Facility Management Services Ltd.,12-Apr-19,12,4,2019,10.6,36,0,1.3,1.5,1.3,36.5,36.1,0%,99.6,177%,Profit
Kranti Industries Ltd.,28-Feb-19,28,2,2019,8.6,37,0,1.3,1.3,1.3,35.3,30.8,-17%,68.9,86%,Loss
Metropolis Healthcare Ltd.,15-Apr-19,15,4,2019,1204.3,880,8.9,3,2.2,5.8,960,959.5,9%,2110.5,140%,Profit
Mindpool Technologies Ltd.,28-Feb-19,28,2,2019,3.6,30,0,2.5,1.6,2.1,30,28.5,-5%,70,133%,Loss
Northern Spirits Ltd.,4-Apr-19,4,4,2019,18.5,43,0,1.8,0.8,1.3,43.7,43.1,0%,188.4,338%,Profit
Novateor Research Laboratories Ltd.,13-Sep-19,13,9,2019,4.5,24,0,1.8,0.7,1.2,24,24.1,1%,52.3,118%,Profit
Par Drugs & Chemicals Ltd.,16-May-19,16,5,2019,8.5,51,0,3.5,8,5.7,52.9,50.5,-1%,243.7,378%,Loss
Parshva Enterprises Ltd.,1-Jul-19,1,7,2019,3.6,45,0,1.6,0.7,1.2,45.9,15.1,-67%,208.9,364%,Loss
Prince Pipes & Fittings Ltd.,30-Dec-19,30,12,2019,500,178,3.5,1.2,1.9,2.2,160,166.6,-6%,577.9,225%,Loss
Ritco Logistics Ltd.,7-Feb-19,7,2,2019,48.2,73,0,1.8,1,1.4,77.4,73.5,1%,322.6,342%,Profit
Roopshri Resorts Ltd.,1-Apr-19,1,4,2019,3.6,20,0,1.4,0.8,1.1,20.3,20.3,1%,37.2,86%,Profit
SBC Eports Ltd.,4-Jul-19,4,7,2019,6.6,22,0,1.9,0.8,1.4,22,1.2,-95%,35.5,4756%,Loss
SK International Eport Ltd.,15-Jul-19,15,7,2019,4,20,0,2,0.5,1.3,19.2,20,0%,18.1,-10%,Profit
Spandana Sphoorty Financial Ltd.,19-Aug-19,19,8,2019,1200.9,856,3.1,0.6,0.1,1.1,825,847.8,-1%,603.5,-30%,Loss
Sterling and Wilson Renewable Energy Ltd.,20-Aug-19,20,8,2019,2880.9,780,1,0.9,0.3,0.8,700,725.4,-7%,720.6,-8%,Loss
Transpact Enterprises Ltd.,6-Sep-19,6,9,2019,1.4,130,0,0.9,1.4,1.1,132.5,131,1%,185,42%,Profit
Ujjivan Small Finance Bank Ltd.,12-Dec-19,12,12,2019,750,37,110.7,473,49,165.7,58.8,55.9,51%,42.9,16%,Profit
elpmoc Design and Tech Ltd.,4-Feb-19,4,2,2019,23,66,1.2,7.7,2.6,3.3,56,59.9,-9%,121.4,84%,Loss
